DIRETOR,ANO_MAIS_RECENTE,N_FILMES,PRESTIGIO_FESTIV,CITA_N_PAPERS,CITA_SOMA_CIT,CITA_MAX_CIT,CITA_VENUES
BETO BRANT E RENATO CIASCA,2005,1,Sundance,40.0,123.0,42.0,LA Referencia (Red Federada de Repositorios Institucionales de Publicaciones Científicas) | CentAUR (University of Reading) | Revista Contracampo
ANDRE VILELA D ELIA,2023,5,,1.0,105.0,105.0,Frontiers in Microbiology
ARNALDO JABOR,2025,10,,31.0,80.0,17.0,Revista FAMECOS | Latin American Theatre Review (The University of Kansas) | theses.fr (ABES)
CARLA DE ANDRADE CAMURATI,2025,8,,33.0,76.0,16.0,LA Referencia (Red Federada de Repositorios Institucionales de Publicaciones Científicas) | Comunicação & Educação | Significação Revista de Cultura Audiovisual
EDUARDO DE OLIVEIRA COUTINHO,2015,17,,30.0,76.0,10.0,Film Quarterly | LA Referencia (Red Federada de Repositorios Institucionales de Publicaciones Científicas) | Galáxia (São Paulo)
ANDREA TONACCI,2014,7,,31.0,55.0,21.0,LA Referencia (Red Federada de Repositorios Institucionales de Publicaciones Científicas) | DOC online - Revista Digital de Cinema Documentário | DEVIRES - Cinema e Humanidades
ANSELMO DUARTE,2013,8,Oscar,29.0,54.0,9.0,Significação Revista de Cultura Audiovisual | Medical Entomology and Zoology | História Questões & Debates
BRUNO GULARTE BARRETO,2020,4,Oscar,38.0,49.0,17.0,LA Referencia (Red Federada de Repositorios Institucionales de Publicaciones Científicas) | SHILAP Revista de lepidopterología | Social Text
BRUNO VILLELA BARRETO BORGES,2025,25,,38.0,49.0,17.0,LA Referencia (Red Federada de Repositorios Institucionales de Publicaciones Científicas) | SHILAP Revista de lepidopterología | Social Text
CARLOS OSCAR REICHENBACH,2013,10,,27.0,48.0,17.0,Aniki Revista Portuguesa da Imagem em Movimento | Rebeca - Revista Brasileira de Estudos de Cinema e Audiovisual | LA Referencia (Red Federada de Repositorios Institucionales de Publicaciones Científicas)
CARLOS OSCAR REICHENBACH FILHO,2005,6,,27.0,48.0,17.0,Aniki Revista Portuguesa da Imagem em Movimento | Rebeca - Revista Brasileira de Estudos de Cinema e Audiovisual | LA Referencia (Red Federada de Repositorios Institucionales de Publicaciones Científicas)
CARLOS REICHENBACH,2009,2,,27.0,48.0,17.0,Aniki Revista Portuguesa da Imagem em Movimento | Rebeca - Revista Brasileira de Estudos de Cinema e Audiovisual | LA Referencia (Red Federada de Repositorios Institucionales de Publicaciones Científicas)
CARLOS BRAUN DE OLIVEIRA SAMPAIO,2016,5,,12.0,41.0,23.0,LA Referencia (Red Federada de Repositorios Institucionales de Publicaciones Científicas) | Revista FAMECOS | Rascunho
CARLOS HENKE DE OLIVEIRA,2024,1,,12.0,41.0,23.0,LA Referencia (Red Federada de Repositorios Institucionales de Publicaciones Científicas) | Revista FAMECOS | Rascunho
CARLOS AUGUSTO DE OLIVEIRA,2012,3,,12.0,41.0,23.0,LA Referencia (Red Federada de Repositorios Institucionales de Publicaciones Científicas) | Revista FAMECOS | Rascunho
CARLOS AUGUSTO OLIVEIRA,2023,1,,12.0,41.0,23.0,LA Referencia (Red Federada de Repositorios Institucionales de Publicaciones Científicas) | Revista FAMECOS | Rascunho
CARLOS AUGUSTO DE OLIVEIRA RIBEIRO JUNIOR,2011,1,,12.0,41.0,23.0,LA Referencia (Red Federada de Repositorios Institucionales de Publicaciones Científicas) | Revista FAMECOS | Rascunho
ANDRUCHA WADDINGTON E BRENO SILVEIRA,2005,1,Karlovy_Vary/Oscar,36.0,41.0,17.0,"LA Referencia (Red Federada de Repositorios Institucionales de Publicaciones Científicas) | Portuguese National Funding Agency for Science, Research and Technology (RCAAP Project by FCT) | Rebeca - Revista Brasileira de Estudos de Cinema e Audiovisual"
CARLOS EDUARDO DE OLIVEIRA NAZARIO,2024,4,,12.0,41.0,23.0,LA Referencia (Red Federada de Repositorios Institucionales de Publicaciones Científicas) | Revista FAMECOS | Rascunho
CARLOS HENRIQUE DE OLIVEIRA,2022,1,,12.0,41.0,23.0,LA Referencia (Red Federada de Repositorios Institucionales de Publicaciones Científicas) | Revista FAMECOS | Rascunho
ANDRE LUIS GARCIA DE OLIVEIRA,2015,3,,6.0,40.0,15.0,Gaceta UNAM (2000-2009) | Advanced Functional Materials | ChemSusChem
ANTONIO OLAVO DOS SANTOS FILHO,2021,7,,3.0,39.0,37.0,Monumenta Nipponica | Film Quarterly | Fotocinema Revista científica de cine y fotografía
ANTONIO NATALINO DOS SANTOS DA SILVA,2024,1,,3.0,39.0,37.0,Monumenta Nipponica | Film Quarterly | Fotocinema Revista científica de cine y fotografía
ANTONIO JOSE SANTOS NUNES DA SILVA,2009,1,,3.0,39.0,37.0,Monumenta Nipponica | Film Quarterly | Fotocinema Revista científica de cine y fotografía
ANTONIO JOSE DOS SANTOS,2008,1,,3.0,39.0,37.0,Monumenta Nipponica | Film Quarterly | Fotocinema Revista científica de cine y fotografía
ANTONIO JOSE SILVA MATTOS,2018,1,,11.0,38.0,23.0,Temática | Materials | Cancer Epidemiology
ANTONIO BARBOSA DA SILVA JUNIOR,2019,4,,11.0,38.0,23.0,Temática | Materials | Cancer Epidemiology
ANTONIO CARLOS DA SILVA,2024,2,,11.0,38.0,23.0,Temática | Materials | Cancer Epidemiology
ANTONIO CARLOS DA SILVA MURICY,2013,1,,11.0,38.0,23.0,Temática | Materials | Cancer Epidemiology
ANTONIO ELIAS DA SILVA,2013,1,,11.0,38.0,23.0,Temática | Materials | Cancer Epidemiology
ANTONIO FRANCISCO DA SILVA RODRIGUES,2023,2,,11.0,38.0,23.0,Temática | Materials | Cancer Epidemiology
ANTONIO ANDERSON DA SILVA PEREIRA,2021,1,,11.0,38.0,23.0,Temática | Materials | Cancer Epidemiology
ANGELA ZOE MEIRELES SACHETTO,2024,13,,1.0,36.0,36.0,Journal of Food Science and Technology
ANTONIO CARLOS LEAL DE MORAES,2013,3,,26.0,34.0,18.0,Aniki Revista Portuguesa da Imagem em Movimento | Confluencia | Revista de Ciências do Estado
CARLOS FREDERICO D AVILA PINTO,2018,14,,4.0,34.0,24.0,International Journal of Polymer Science | International Journal of Creativity and Innovation in Humanities and Education | Bolivian Studies Journal/Revista de Estudios Bolivianos
ANTONIO ALEXANDRE LEAL DE OLIVEIRA,2006,1,,26.0,34.0,18.0,Aniki Revista Portuguesa da Imagem em Movimento | Confluencia | Revista de Ciências do Estado
ERNESTO IGNACIO DE CARVALHO,2024,3,IDFA,25.0,33.0,18.0,Rebeca - Revista Brasileira de Estudos de Cinema e Audiovisual | Revista de Estudos Anglo-Portugueses/Journal of Anglo-Portuguese Studies | Revista Brasileira de Estudos da Presença
DANIEL SCHMIDT,2018,1,Rotterdam,7.0,32.0,21.0,Physical Review Materials | Advanced Materials | KOPS (University of Konstanz)
CARLOS NOBRE CRUZ,2018,1,,4.0,30.0,22.0,ValpoScholar (Valparaiso University) | Digital Repository at the University of Maryland (University of Maryland College Park) | Scholars' Bank (University of Oregon)
ANTONIO ALVES PEREIRA FILHO,2018,4,,1.0,24.0,24.0,Journal of Applied Polymer Science
ANTONIO CARLOS PEREIRA MORAES FILHO,2023,1,,1.0,24.0,24.0,Journal of Applied Polymer Science
ANTONIO JOSE PEREIRA DE MELO,2018,2,,1.0,24.0,24.0,Journal of Applied Polymer Science
ANTONIO BATISTA PEREIRA,2010,1,,1.0,24.0,24.0,Journal of Applied Polymer Science
ANTONIO AUGUSTO PEREIRA BARTH,2005,1,,1.0,24.0,24.0,Journal of Applied Polymer Science
ANTONIO RAMON PEREIRA GOMES,2016,1,,1.0,24.0,24.0,Journal of Applied Polymer Science
DANIEL BURMAN,2015,2,,25.0,24.0,8.0,Revista de estudios hispánicos | Alphaville Journal of Film and Screen Media | Significação Revista de Cultura Audiovisual
BRENO DA SILVEIRA SOUZA,2023,1,Oscar,34.0,24.0,6.0,LA Referencia (Red Federada de Repositorios Institucionales de Publicaciones Científicas) | Alphaville Journal of Film and Screen Media | Dialnet (Universidad de la Rioja)
ANTONIO RANGEL PEREIRA,2017,13,,1.0,24.0,24.0,Journal of Applied Polymer Science
FABIANO MACIEL,2025,24,,5.0,23.0,21.0,Rebeca - Revista Brasileira de Estudos de Cinema e Audiovisual | Cinema Journal | Revista FAMECOS
DIANA MONTENEGRO,2021,1,,4.0,21.0,21.0,Investigaciones Feministas | Nexus
CARLOS DONALDO COSTA,2021,2,,3.0,19.0,18.0,New Disease Reports | História Revista | Administrative Sciences
CARLOS HENRIQUE DA COSTA,2018,1,,3.0,19.0,18.0,New Disease Reports | História Revista | Administrative Sciences
CARLOS DANIEL COSTA,2022,1,,3.0,19.0,18.0,New Disease Reports | História Revista | Administrative Sciences
CARLOS ROBERTO COSTA GOMES FILHO,2020,3,,3.0,19.0,18.0,New Disease Reports | História Revista | Administrative Sciences
EDGARD REYS NAVARRO FILHO,2017,4,,17.0,19.0,15.0,LA Referencia (Red Federada de Repositorios Institucionales de Publicaciones Científicas) | Rebeca - Revista Brasileira de Estudos de Cinema e Audiovisual | AYVU - Revista de Psicologia
CARLOS EDUARDO DA COSTA E SILVA,2025,1,,3.0,19.0,18.0,New Disease Reports | História Revista | Administrative Sciences
EDGARD NAVARRO,2005,1,,17.0,19.0,15.0,LA Referencia (Red Federada de Repositorios Institucionales de Publicaciones Científicas) | Rebeca - Revista Brasileira de Estudos de Cinema e Audiovisual | AYVU - Revista de Psicologia
DAVID YALE MEYER,2013,1,,4.0,19.0,8.0,Spectrum Research Repository (Concordia University) | Rebeca - Revista Brasileira de Estudos de Cinema e Audiovisual
CAO HAMBURGER,2006,2,Oscar,25.0,19.0,8.0,LA Referencia (Red Federada de Repositorios Institucionales de Publicaciones Científicas) | Alphaville Journal of Film and Screen Media | Journal of Modern Jewish Studies
CARLOS ALBERTO COSTA SOUZA,2024,14,,3.0,19.0,18.0,New Disease Reports | História Revista | Administrative Sciences
ANTONIO FERNANDO D ALMEIDA COUTO FILHO,2025,3,,2.0,18.0,17.0,Exchange | Reports on Progress in Physics
CAMILO SANTOS CAVALCANTE,2024,22,,15.0,18.0,15.0,LA Referencia (Red Federada de Repositorios Institucionales de Publicaciones Científicas) | Revista FAMECOS | O Mosaico
CARLOS FELIPE LOPES WERNECK HIRSCH,2023,3,,5.0,18.0,13.0,Estudos Semióticos | Bookerfield Editora | Significação Revista de Cultura Audiovisual
CARLOS FERNANDO LOPES DA ROCHA,2016,1,,5.0,18.0,13.0,Estudos Semióticos | Bookerfield Editora | Significação Revista de Cultura Audiovisual
ANA CATARINA DE CASTRO,2023,3,,2.0,17.0,17.0,PLOS Global Public Health | Alphaville Journal of Film and Screen Media
ANA GEORGINA DE CASTRO,2022,2,,2.0,17.0,17.0,PLOS Global Public Health | Alphaville Journal of Film and Screen Media
DAVID PABLOS,2022,1,,5.0,17.0,17.0,UASB-DIGITAL Categories (Universidad Andina Simón Bolívar) | MonTi Monografías de Traducción e Interpretación | Deep Blue (University of Michigan)
CARLOS ALBERTO FERNANDES PEREIRA JUNIOR,2019,3,,5.0,17.0,9.0,Coatings | Carbohydrate Polymers | Revista Cientí­fica/FAP
ANNE GABRIELLA TERESA HOLCOMB PINHEIRO GUIMARAES AMORIM,2025,5,,8.0,17.0,6.0,The International Journal of Screendance | Theatrical Colloquia | Medical Entomology and Zoology
ANA CAROLINA DE CASTRO GALIZIA,2022,2,,2.0,17.0,17.0,PLOS Global Public Health | Alphaville Journal of Film and Screen Media
DIEGO LERMAN,2017,1,,23.0,15.0,4.0,Kinema A Journal for Film and Audiovisual Media | Oxford University Press eBooks | Imagofagia: revista de la Asociación Argentina de Estudios de Cine y Audiovisual
ALEXANDRE MARINHO SAMPAIO,2025,3,,2.0,15.0,15.0,LA Referencia (Red Federada de Repositorios Institucionales de Publicaciones Científicas)
ALEXANDRE CARDOSO DE FREITAS,2025,1,,3.0,14.0,14.0,e-Archivo (Carlos III University of Madrid) | Comunicación y Sociedad | Revista Brasileira de Sociologia do Direito
ARY ROSA DUARTE,2025,7,Rotterdam,36.0,14.0,5.0,Rebeca - Revista Brasileira de Estudos de Cinema e Audiovisual | LA Referencia (Red Federada de Repositorios Institucionales de Publicaciones Científicas) | AVANCA | CINEMA
ALEXANDRE MIRANDA DE FREITAS,2019,15,,3.0,14.0,14.0,e-Archivo (Carlos III University of Madrid) | Comunicación y Sociedad | Revista Brasileira de Sociologia do Direito
EDUARDO NOVELLI VALENTE,2009,4,,38.0,13.0,3.0,LA Referencia (Red Federada de Repositorios Institucionales de Publicaciones Científicas) | Rebeca - Revista Brasileira de Estudos de Cinema e Audiovisual | Kent Academic Repository (University of Kent)
EDUARDO VALENTE,2006,2,,38.0,13.0,3.0,LA Referencia (Red Federada de Repositorios Institucionales de Publicaciones Científicas) | Rebeca - Revista Brasileira de Estudos de Cinema e Audiovisual | Kent Academic Repository (University of Kent)
CARLOS COIMBRA,2013,12,Oscar,35.0,13.0,3.0,LA Referencia (Red Federada de Repositorios Institucionales de Publicaciones Científicas) | Varia Historia | Em Tempo de Histórias
ADRIAN CAETANO,2018,1,,10.0,13.0,9.0,Érudit (Université de Montréal) | Dialnet (Universidad de la Rioja) | KU ScholarWorks (The University of Kansas)
CARLOS KLEBER SANTOS PIRES,2022,11,,6.0,12.0,3.0,Complutensian Scientific Journals (Complutense University of Madrid) | Ilha do Desterro A Journal of English Language Literatures in English and Cultural Studies | Genocide Studies and Prevention
CARLOS CESAR SANTOS,2017,2,,6.0,12.0,3.0,Complutensian Scientific Journals (Complutense University of Madrid) | Ilha do Desterro A Journal of English Language Literatures in English and Cultural Studies | Genocide Studies and Prevention
CARLOS ANTONIO DOS SANTOS,2018,1,,6.0,12.0,3.0,Complutensian Scientific Journals (Complutense University of Madrid) | Ilha do Desterro A Journal of English Language Literatures in English and Cultural Studies | Genocide Studies and Prevention
CARLOS EDUARDO DOS SANTOS MEDEIROS JOSE,2021,2,,6.0,12.0,3.0,Complutensian Scientific Journals (Complutense University of Madrid) | Ilha do Desterro A Journal of English Language Literatures in English and Cultural Studies | Genocide Studies and Prevention
CARLOS ANTONIO DOS SANTOS MACHADO FILHO,2023,1,,6.0,12.0,3.0,Complutensian Scientific Journals (Complutense University of Madrid) | Ilha do Desterro A Journal of English Language Literatures in English and Cultural Studies | Genocide Studies and Prevention
CARLOS ANTONIO DOS SANTOS SEGUNDO,2025,24,,6.0,12.0,3.0,Complutensian Scientific Journals (Complutense University of Madrid) | Ilha do Desterro A Journal of English Language Literatures in English and Cultural Studies | Genocide Studies and Prevention
CARLOS VALDIR SANTOS FERREIRA,2008,3,,6.0,12.0,3.0,Complutensian Scientific Journals (Complutense University of Madrid) | Ilha do Desterro A Journal of English Language Literatures in English and Cultural Studies | Genocide Studies and Prevention
DANIEL SOLA SANTIAGO,2025,6,,15.0,12.0,5.0,LA Referencia (Red Federada de Repositorios Institucionales de Publicaciones Científicas) | arte e ensaios | Aniki Revista Portuguesa da Imagem em Movimento
DANIEL SAMPAIO SANTIAGO,2021,1,,15.0,12.0,5.0,LA Referencia (Red Federada de Repositorios Institucionales de Publicaciones Científicas) | arte e ensaios | Aniki Revista Portuguesa da Imagem em Movimento
FAUZI ABDALLA MANSUR,2015,19,,13.0,11.0,6.0,Estudios LGBTIQ+ Comunicación y Cultura | Caligrama (São Paulo Online) | Cadernos de arte e antropologia
ALESSANDRO CONSTANTINO GAMO,2018,4,,10.0,11.0,6.0,Sociedade e Estado | Estudos Ibero-Americanos | Revista FAMECOS
CARLOS AZIZ NADER,2017,4,,30.0,11.0,7.0,LA Referencia (Red Federada de Repositorios Institucionales de Publicaciones Científicas) | DOC online - Revista Digital de Cinema Documentário | SHILAP Revista de lepidopterología
CARLOS NADER,2014,13,,30.0,11.0,7.0,LA Referencia (Red Federada de Repositorios Institucionales de Publicaciones Científicas) | DOC online - Revista Digital de Cinema Documentário | SHILAP Revista de lepidopterología
CARLOS GERBASE,2025,24,,34.0,11.0,3.0,Lume (Universidade Federal do Rio Grande do Sul) | Revista FAMECOS | LA Referencia (Red Federada de Repositorios Institucionales de Publicaciones Científicas)
CARLOS MUÃOZ BOLADO,2006,1,,15.0,10.0,8.0,New Cinemas Journal of Contemporary Film | Edinburgh University Press eBooks | U-PAD Unimc - Open Digital Publications (University of Macerata)
ANA CRISTINA COSTA E SILVA,2025,7,,7.0,9.0,6.0,Perspectivas de la comunicación | Open Repository of the University of Porto (University of Porto) | Aniki Revista Portuguesa da Imagem em Movimento
ALAIN FRESNOT,2025,7,,24.0,9.0,6.0,Digital Library of Theses and Dissertations  (Universidade de São Paulo) | Revista urutágua | Revista OPSIS
CARLOS ARTHUR LEITE SOUSA,2020,3,,6.0,9.0,7.0,ForScience | Estudios LGBTIQ+ Comunicación y Cultura | Cadernos de literatura comparada
DAVID JOSEPH REEKS,2020,6,,7.0,9.0,5.0,Educação e Pesquisa | DEVIR EDUCAÇÃO | Revista de Cultura e Extensão USP
ANA MARIA COSTA CRUZ DE OLIVEIRA,2023,1,,7.0,9.0,6.0,Perspectivas de la comunicación | Open Repository of the University of Porto (University of Porto) | Aniki Revista Portuguesa da Imagem em Movimento
ANA CAROLINA COSTA,2024,2,,7.0,9.0,6.0,Perspectivas de la comunicación | Open Repository of the University of Porto (University of Porto) | Aniki Revista Portuguesa da Imagem em Movimento
ANA PAULA COSTA PEIXOTO,2019,2,,7.0,9.0,6.0,Perspectivas de la comunicación | Open Repository of the University of Porto (University of Porto) | Aniki Revista Portuguesa da Imagem em Movimento
ANA PETRA COSTA,2024,5,,7.0,9.0,6.0,Perspectivas de la comunicación | Open Repository of the University of Porto (University of Porto) | Aniki Revista Portuguesa da Imagem em Movimento
ANA PAULA DA COSTA MORAIS,2024,15,,7.0,9.0,6.0,Perspectivas de la comunicación | Open Repository of the University of Porto (University of Porto) | Aniki Revista Portuguesa da Imagem em Movimento
ANTONIO RICARDO LOPES DA COSTA,2025,38,,8.0,8.0,4.0,"Dialnet (Universidad de la Rioja) | Portuguese National Funding Agency for Science, Research and Technology (RCAAP Project by FCT) | Revista Estudos do Século XX"
ANTONIO VICTOR LOPES LUSTOSA,2009,2,,8.0,8.0,4.0,"Dialnet (Universidad de la Rioja) | Portuguese National Funding Agency for Science, Research and Technology (RCAAP Project by FCT) | Revista Estudos do Século XX"
ANTONIO HENRIQUE LOPES QUEIROZ,2025,1,,8.0,8.0,4.0,"Dialnet (Universidad de la Rioja) | Portuguese National Funding Agency for Science, Research and Technology (RCAAP Project by FCT) | Revista Estudos do Século XX"
DAVI AGRELLO PRETTO,2025,15,,14.0,7.0,3.0,LA Referencia (Red Federada de Repositorios Institucionales de Publicaciones Científicas) | Rebeca - Revista Brasileira de Estudos de Cinema e Audiovisual | Sessões do Imaginário
DAINA LIANE GIANNECCHINI,2024,6,,5.0,7.0,4.0,DOC online - Revista Digital de Cinema Documentário | DEMETRA Alimentação Nutrição & Saúde | Diálogo com a Economia Criativa
CACÃ DIEGUES,2006,1,Oscar,22.0,7.0,2.0,Alceu | EDUCA - Revista Multidisciplinar em Educação | Estudos Históricos (Rio de Janeiro)
CARLOS ROBERTO CAVALCANTI DE ALBUQUERQUE,2024,13,,5.0,7.0,4.0,Ateliê Geográfico | Revista Mulemba | O Mosaico
CARLOS ANDRE CARDOSO VITORINO,2014,1,,10.0,7.0,5.0,Brazilian Journalism Research | CODESRIA Bulletin | VTechWorks (Virginia Tech)
CARLOS PABLO CARDOSO LOBATO,2024,7,,10.0,7.0,5.0,Brazilian Journalism Research | CODESRIA Bulletin | VTechWorks (Virginia Tech)
DANILO MELO DE CARVALHO FILHO,2022,4,,9.0,6.0,4.0,Aniki Revista Portuguesa da Imagem em Movimento | E-Compós | Anthrovision
CARLOS EDUARDO PEREIRA DA SILVA,2025,4,,4.0,6.0,3.0,Aniki Revista Portuguesa da Imagem em Movimento | Cadernos Gestão Pública e Cidadania | Em Tempo de Histórias
CARLOS EDUARDO PEREIRA DE SOUSA,2023,1,,4.0,6.0,3.0,Aniki Revista Portuguesa da Imagem em Movimento | Cadernos Gestão Pública e Cidadania | Em Tempo de Histórias
DIOGO FONTES PEREIRA,2025,3,,2.0,6.0,6.0,Nanoscale Advances | Revista Multiplicidade
CESAR RAMON CHARLONE HERREIRA,2024,2,,10.0,6.0,3.0,Film & history | Fórum Patrimônio: Ambiente Construído e Patrimônio Sustentável | Disciplinarum Scientia | Ciências Humanas
DIOGO MAGALHAES PEREIRA DOS SANTOS,2012,3,,2.0,6.0,6.0,Nanoscale Advances | Revista Multiplicidade
CARLOS EDUARDO PEREIRA LUIZ,2014,1,,4.0,6.0,3.0,Aniki Revista Portuguesa da Imagem em Movimento | Cadernos Gestão Pública e Cidadania | Em Tempo de Histórias
FABIO LEMES GOMES,2025,13,,1.0,6.0,6.0,El Profesional de la Informacion
FABIO DE SOUZA GOMES,2019,1,,1.0,6.0,6.0,El Profesional de la Informacion
CARLOS ALBERTO PEREIRA DA SILVA,2025,1,,4.0,6.0,3.0,Aniki Revista Portuguesa da Imagem em Movimento | Cadernos Gestão Pública e Cidadania | Em Tempo de Histórias
FABIO ROCHA GOMES,2020,1,,1.0,6.0,6.0,El Profesional de la Informacion
CARLOS AUGUSTO PEREIRA COELHO,2019,8,,4.0,6.0,3.0,Aniki Revista Portuguesa da Imagem em Movimento | Cadernos Gestão Pública e Cidadania | Em Tempo de Histórias
CESAR RAMON CHARLONE HERRERA,2013,3,,10.0,6.0,3.0,Film & history | Fórum Patrimônio: Ambiente Construído e Patrimônio Sustentável | Disciplinarum Scientia | Ciências Humanas
BRUNO BARBOSA SAFADI,2025,14,,7.0,5.0,3.0,Aniki Revista Portuguesa da Imagem em Movimento | Revista Periódicus | Revista FAMECOS
ADILSON INACIO MENDES,2024,2,,14.0,5.0,3.0,Imagofagia | Palimpsesto | Arteriais - Revista do Programa de Pós-Gradução em Artes
DENER JOSE GIOVANINI,2020,6,,1.0,5.0,5.0,Composição Revista de Ciências Sociais da UFMS
CARLOS AUGUSTO MEDINA SPERRY CEZAR,2022,6,,2.0,5.0,5.0,Bulletin of Hispanic Studies | Amsterdam University Press eBooks
ADRIANA ALCANTARA E SILVA,2014,3,,3.0,4.0,4.0,Highlights in Science Engineering and Technology | ILUMINURAS
ADRIANA ALVES DA SILVA,2015,4,,3.0,4.0,4.0,Highlights in Science Engineering and Technology | ILUMINURAS
DJALMA LIMONGI BATISTA,2010,3,,7.0,4.0,2.0,Estudos Avançados | LA Referencia (Red Federada de Repositorios Institucionales de Publicaciones Científicas) | Revista FAMECOS
DANIEL MARQUES REZENDE PEREIRA,2025,10,Oscar,20.0,4.0,2.0,Rebeca - Revista Brasileira de Estudos de Cinema e Audiovisual | Zenodo (CERN European Organization for Nuclear Research) | Resgate Revista Interdisciplinar de Cultura
ADRIANA DA SILVA,2018,3,,3.0,4.0,4.0,Highlights in Science Engineering and Technology | ILUMINURAS
CARLOS EDUARDO DE CARVALHO MACHADO,2022,2,,6.0,4.0,4.0,Revista de Medicina y Cine | UCA Research Online (University for the Creative Arts) | Revista de Ciências Humanas
ESMIR DE OLIVEIRA FILHO,2026,18,,16.0,4.0,2.0,LA Referencia (Red Federada de Repositorios Institucionales de Publicaciones Científicas) | Revista Internacional Interdisciplinar INTERthesis | Dialnet (Universidad de la Rioja)
CARLOS ANDRE HORACIO SALLES,2019,4,,1.0,4.0,4.0,Latin American Research Review
ESMIR FILHO,2005,1,,16.0,4.0,2.0,LA Referencia (Red Federada de Repositorios Institucionales de Publicaciones Científicas) | Revista Internacional Interdisciplinar INTERthesis | Dialnet (Universidad de la Rioja)
CARLOS CAMARA DE CARVALHO COLLA,2024,9,,6.0,4.0,4.0,Revista de Medicina y Cine | UCA Research Online (University for the Creative Arts) | Revista de Ciências Humanas
FELIPE XAVIER DE CASTRO SANTOS,2015,6,,1.0,3.0,3.0,EES solar.
ERLY MILTON VIEIRA JUNIOR,2023,12,,17.0,3.0,2.0,Rebeca - Revista Brasileira de Estudos de Cinema e Audiovisual | Aniki Revista Portuguesa da Imagem em Movimento | Lume (Universidade Federal do Rio Grande do Sul)
BRUNO VOUZELLA DE ANDRADE,2024,4,,3.0,3.0,3.0,Aniki Revista Portuguesa da Imagem em Movimento | Comunicação & Educação
ELIANA FONSECA,2024,19,,4.0,3.0,2.0,Lume (Universidade Federal do Rio Grande do Sul)
EDUARDO CANTARINO CORDEIRO DE ARAUJO,2022,2,,3.0,3.0,3.0,Fotocinema Revista científica de cine y fotografía | Manuscrítica Revista de Crítica Genética | Revista Caribeña de Ciencias Sociales
CAIO CHATAGNIER CAVECHINI,2025,9,,9.0,3.0,2.0,Intercom Revista Brasileira de Ciências da Comunicação | INTERIN | Cadernos Pagu
CAMILA ALBRECHT FREITAS,2017,2,,5.0,3.0,2.0,COMMONS | Revista ECO-Pós | Rebeca - Revista Brasileira de Estudos de Cinema e Audiovisual
AURELIO GRIMALDI,2015,1,,3.0,3.0,2.0,eCommons (Cornell University) | Archivio Istituzionale della Ricerca (Universita Degli Studi Di Milano) | IRIS UNIMORE (University of Modena and Reggio Emilia)
BRUNO MARQUES DE ANDRADE E SILVA,2023,5,,3.0,3.0,3.0,Aniki Revista Portuguesa da Imagem em Movimento | Comunicação & Educação
CAMILA SILVA FREITAS,2019,1,,5.0,3.0,2.0,COMMONS | Revista ECO-Pós | Rebeca - Revista Brasileira de Estudos de Cinema e Audiovisual
CAROLINA DE MELLO JABOR,2024,9,,10.0,3.0,2.0,Alphaville Journal of Film and Screen Media | Esferas | Rebeca - Revista Brasileira de Estudos de Cinema e Audiovisual
ARTHUR VICENTINI TUOTO,2023,6,,5.0,3.0,3.0,Rebeca - Revista Brasileira de Estudos de Cinema e Audiovisual | Lume (Universidade Federal do Rio Grande do Sul) | SHILAP Revista de lepidopterología
FELIPE CARELI DE CASTRO,2023,7,,1.0,3.0,3.0,EES solar.
CLARA DE MELO E SILVA,2022,1,,4.0,3.0,3.0,RIHC Revista Internacional de Historia de la Comunicación | LA Referencia (Red Federada de Repositorios Institucionales de Publicaciones Científicas) | Logos
BRUNO HENRIQUE DA SILVA,2014,2,,5.0,2.0,1.0,Interactive Film and Media Journal | Portuguese Literary and Cultural Studies | LA Referencia (Red Federada de Repositorios Institucionales de Publicaciones Científicas)
BRUNO GARCIA DA SILVA,2024,1,,5.0,2.0,1.0,Interactive Film and Media Journal | Portuguese Literary and Cultural Studies | LA Referencia (Red Federada de Repositorios Institucionales de Publicaciones Científicas)
BRUNO FERNANDO DA SILVA,2023,1,,5.0,2.0,1.0,Interactive Film and Media Journal | Portuguese Literary and Cultural Studies | LA Referencia (Red Federada de Repositorios Institucionales de Publicaciones Científicas)
BRUNO MARQUES DA SILVA PEREIRA,2023,1,,5.0,2.0,1.0,Interactive Film and Media Journal | Portuguese Literary and Cultural Studies | LA Referencia (Red Federada de Repositorios Institucionales de Publicaciones Científicas)
BRUNO DE SOUSA E SILVA VERGUEIRO,2019,3,,5.0,2.0,1.0,Interactive Film and Media Journal | Portuguese Literary and Cultural Studies | LA Referencia (Red Federada de Repositorios Institucionales de Publicaciones Científicas)
DAVID RIBEIRO SCHURMANN,2025,12,Oscar,3.0,2.0,2.0,Anuario electrónico de estudios en Comunicación Social Disertaciones | Anagrama
BRUNO PAES DA SILVA,2012,6,,5.0,2.0,1.0,Interactive Film and Media Journal | Portuguese Literary and Cultural Studies | LA Referencia (Red Federada de Repositorios Institucionales de Publicaciones Científicas)
BRUNO ROCHA DA SILVA,2026,6,,5.0,2.0,1.0,Interactive Film and Media Journal | Portuguese Literary and Cultural Studies | LA Referencia (Red Federada de Repositorios Institucionales de Publicaciones Científicas)
CARLOS HENRIQUE LUNA,2019,2,,2.0,2.0,2.0,St Andrews Research Repository (St Andrews Research Repository) | Research Square
CARLOS PORTO DE ANDRADE JUNIOR,2017,1,,3.0,2.0,2.0,"REVISTA LIVRE DE CINEMA, uma leitura digital sem medida (super 8, 16, 35, 70 mm, ...) | Latin American Research Review | OhioLink ETD Center (Ohio Library and Information Network)"
CAROLINA BARBOSA OLIVEIRA VERGOLINO,2023,3,,7.0,2.0,1.0,LA Referencia (Red Federada de Repositorios Institucionales de Publicaciones Científicas) | Animus Revista Interamericana de Comunicação Midiática | Rebeca - Revista Brasileira de Estudos de Cinema e Audiovisual
CAROLINA BENEDIKT BENJAMIN,2025,4,,3.0,2.0,2.0,Alea Estudos Neolatinos | Scholars' Bank (University of Oregon)
CAROLINA REIS DE OLIVEIRA,2019,1,,7.0,2.0,1.0,LA Referencia (Red Federada de Repositorios Institucionales de Publicaciones Científicas) | Animus Revista Interamericana de Comunicação Midiática | Rebeca - Revista Brasileira de Estudos de Cinema e Audiovisual
CAROLINA RIBEIRO DE OLIVEIRA,2025,2,,7.0,2.0,1.0,LA Referencia (Red Federada de Repositorios Institucionales de Publicaciones Científicas) | Animus Revista Interamericana de Comunicação Midiática | Rebeca - Revista Brasileira de Estudos de Cinema e Audiovisual
CESAR OITICICA FILHO,2014,1,,5.0,2.0,1.0,AVANCA | CINEMA | Rebeca - Revista Brasileira de Estudos de Cinema e Audiovisual
BRUNO DE SOUZA E SILVA,2021,1,,5.0,2.0,1.0,Interactive Film and Media Journal | Portuguese Literary and Cultural Studies | LA Referencia (Red Federada de Repositorios Institucionales de Publicaciones Científicas)
BRUNO CLAUDINO DA SILVA,2021,1,,5.0,2.0,1.0,Interactive Film and Media Journal | Portuguese Literary and Cultural Studies | LA Referencia (Red Federada de Repositorios Institucionales de Publicaciones Científicas)
ALICE DE ANDRADE GOMES,2023,4,,5.0,2.0,1.0,e-Mosaicos | MIGUEL | Revista Insignare Scientia - RIS
ANA LUIZA NUNES AZEVEDO,2026,25,,3.0,2.0,1.0,Film History | OAPEN (The OAPEN Foundation) | Nursing times
BRUNO ALVES DA SILVA,2022,2,,5.0,2.0,1.0,Interactive Film and Media Journal | Portuguese Literary and Cultural Studies | LA Referencia (Red Federada de Repositorios Institucionales de Publicaciones Científicas)
ANA DILLON NUNES,2015,39,,3.0,2.0,1.0,Film History | OAPEN (The OAPEN Foundation) | Nursing times
ANA CLAUDIA TEIXEIRA,2015,1,,2.0,2.0,2.0,CINEJ Cinema Journal | Significação Revista de Cultura Audiovisual
BRUNO ARMELIN SILVA,2019,1,,5.0,2.0,1.0,Interactive Film and Media Journal | Portuguese Literary and Cultural Studies | LA Referencia (Red Federada de Repositorios Institucionales de Publicaciones Científicas)
ANA PAULA TEIXEIRA PAULINO,2017,1,,2.0,2.0,2.0,CINEJ Cinema Journal | Significação Revista de Cultura Audiovisual
ANA CAROLINA TEIXEIRA SOARES,2020,7,,2.0,2.0,2.0,CINEJ Cinema Journal | Significação Revista de Cultura Audiovisual
ADRIANO SIQUEIRA RAMALHO PORTELA,2025,3,,3.0,2.0,2.0,Rebeca - Revista Brasileira de Estudos de Cinema e Audiovisual
ALEKSEI WROBEL ABIB,2021,2,,3.0,2.0,1.0,
FELIPE ARAUJO XAVIER,2015,1,,1.0,2.0,2.0,Revista Brasileira de Pesquisa (Auto)Biográfica
ANTONIO MARCOS GOMES DE CARVALHO,2025,25,,2.0,2.0,1.0,REVISTA QUAESTIO IURIS | eScholarship (California Digital Library)
ALINE BITTENCOURT PORTUGAL,2015,5,,4.0,2.0,2.0,Aniki Revista Portuguesa da Imagem em Movimento | Boletim de Pesquisa NELIC | Alceu
ALICE GARCIA GOMES,2011,1,,5.0,2.0,1.0,e-Mosaicos | MIGUEL | Revista Insignare Scientia - RIS
BRUNO COSTA E SILVA,2025,1,,5.0,2.0,1.0,Interactive Film and Media Journal | Portuguese Literary and Cultural Studies | LA Referencia (Red Federada de Repositorios Institucionales de Publicaciones Científicas)
ALICE FANNY RIFF,2025,20,,2.0,2.0,2.0,Cadernos Pagu | Logos
FELIPE MACIEL XAVIER DINIZ,2019,7,,1.0,2.0,2.0,Revista Brasileira de Pesquisa (Auto)Biográfica
ANDREW WADDINGTON,2025,47,,1.0,1.0,1.0,
ANDRE TORELLY MARTINS,2015,1,,2.0,1.0,1.0,arXiv (Cornell University) | PHILOLOGICAL STUDIES
ANDRE LUIS MARTINS CAMARGO,2023,1,,2.0,1.0,1.0,arXiv (Cornell University) | PHILOLOGICAL STUDIES
CLARA ISABELLE LINHART,2024,7,,4.0,1.0,1.0,Revista Cientí­fica/FAP | Teknokultura Revista de Cultura Digital y Movimientos Sociales | Esferas
ANTONIO JOSE CARVALHO ARANHA,2015,1,,2.0,1.0,1.0,Revista Latinoamericana de Ciencias de la Comunicación
ANSGAR AHLERS,2017,1,,1.0,1.0,1.0,Kieler Beiträge zur Filmmusikforschung
ANTONIO CARLOS DA FONTOURA,2024,21,,2.0,1.0,1.0,Projetica
ANDRE GONZALES MARTINS,2016,1,,2.0,1.0,1.0,arXiv (Cornell University) | PHILOLOGICAL STUDIES
CAROLINE APARECIDA DOS SANTOS FERNANDES,2023,2,,3.0,1.0,1.0,RELACult - Revista Latino-Americana de Estudos em Cultura e Sociedade | Revista Educação Pública | Cadernos de Linguística e Teoria da Literatura (Universidade Federal de Minas Gerais)
DANIELLE BERTOLINI DA SILVA,2026,5,,1.0,1.0,1.0,Journal of Applied and Natural Science
ELIANE TERESINHA GIARDINI,2019,2,,5.0,1.0,1.0,Significação Revista de Cultura Audiovisual | UFPR Digital Collection (Federal University of Paraná)
ANDRE HALLAK MARTINS DA COSTA CAMILO GUIMARAES DE OLIVEIRA,2019,2,,2.0,1.0,1.0,arXiv (Cornell University) | PHILOLOGICAL STUDIES
DIEGO DALCIN MARTINS,2024,3,,2.0,1.0,1.0,Métodos de informacion | Dispositiva
ANDRE BORELLI MARTINS,2024,6,,2.0,1.0,1.0,arXiv (Cornell University) | PHILOLOGICAL STUDIES
FELIPE GUIMARAES BRISO,2024,7,,1.0,1.0,1.0,
FABIANO LEANDRO PANDOLFI,2025,4,,1.0,1.0,1.0,
BRUNO DE CASTRO CARDOSO,2019,4,,3.0,1.0,1.0,Pitágoras 500 | Kwartalnik Filmowy | Dilemas - Revista de Estudos de Conflito e Controle Social
CARLOS JOSE FONTES DIEGUES,2018,25,,2.0,1.0,1.0,Estudo Geral (Universidade de Coimbra) | Rebeca - Revista Brasileira de Estudos de Cinema e Audiovisual
ARTHUR PEREIRA DA SILVA FONTES,2025,16,,1.0,1.0,1.0,GIS - Gesto Imagem e Som - Revista de Antropologia
ANA KATZ,2018,1,,4.0,1.0,1.0,Rebeca - Revista Brasileira de Estudos de Cinema e Audiovisual | Organicom | LA Referencia (Red Federada de Repositorios Institucionales de Publicaciones Científicas)
FABIO VILLELA BARRETO BORGES,2024,3,Oscar,4.0,1.0,1.0,Nuevo mundo mundos nuevos | The American Historical Review | LA Referencia (Red Federada de Repositorios Institucionales de Publicaciones Científicas)
CAROLINE FRATUCCI DOS SANTOS ODWYER,2025,3,,3.0,1.0,1.0,RELACult - Revista Latino-Americana de Estudos em Cultura e Sociedade | Revista Educação Pública | Cadernos de Linguística e Teoria da Literatura (Universidade Federal de Minas Gerais)
CAROLINE DE OLIVEIRA SANTOS ARAÃJO,2024,1,,3.0,1.0,1.0,RELACult - Revista Latino-Americana de Estudos em Cultura e Sociedade | Revista Educação Pública | Cadernos de Linguística e Teoria da Literatura (Universidade Federal de Minas Gerais)
FELIPE ARIANI,2013,1,,3.0,1.0,1.0,arXiv (Cornell University) | Arts et sciences
CAROLINE DE OLIVEIRA SANTOS ARAUJO,2024,4,,3.0,1.0,1.0,RELACult - Revista Latino-Americana de Estudos em Cultura e Sociedade | Revista Educação Pública | Cadernos de Linguística e Teoria da Literatura (Universidade Federal de Minas Gerais)
FELIPE CAIUBY ARIANI,2023,12,,3.0,1.0,1.0,arXiv (Cornell University) | Arts et sciences
CAROLINE DA SILVA SANTOS,2024,1,,3.0,1.0,1.0,RELACult - Revista Latino-Americana de Estudos em Cultura e Sociedade | Revista Educação Pública | Cadernos de Linguística e Teoria da Literatura (Universidade Federal de Minas Gerais)
ARTHUR AZEVEDO DA SILVA MOURA,2021,1,,1.0,1.0,1.0,GIS - Gesto Imagem e Som - Revista de Antropologia
ANTONIO SERGIO DE CARVALHO E SOUZA,2024,6,,2.0,1.0,1.0,Revista Latinoamericana de Ciencias de la Comunicación
CARLA REGINA GALLO SANTOS,2021,11,,7.0,1.0,1.0,Revista FAMECOS | LA Referencia (Red Federada de Repositorios Institucionales de Publicaciones Científicas) | DOC online - Revista Digital de Cinema Documentário
BRUNO CALDAS VIANNA,2011,4,,5.0,1.0,1.0,Visualidades | AVANCA | CINEMA | Revista FAMECOS
CLEWERSON SAREMBA,2010,2,,1.0,1.0,1.0,
BERNARD DAVID PIERRE ATTAL,2023,7,,3.0,1.0,1.0,Deposito Adademico Digital Universidad De Navarra (University of Navarra) | Manchester University Press eBooks | Érudit (Université de Montréal)
BRUNO SALES PEREIRA,2023,7,,3.0,1.0,1.0,Rebeca - Revista Brasileira de Estudos de Cinema e Audiovisual | Lume (Universidade Federal do Rio Grande do Sul) | Gragoatá
BRUNO ALEXANDER PEREIRA DE MACEDO,2011,1,,3.0,1.0,1.0,Rebeca - Revista Brasileira de Estudos de Cinema e Audiovisual | Lume (Universidade Federal do Rio Grande do Sul) | Gragoatá
CALVITO PEREIRA LEAL,2024,20,,10.0,1.0,1.0,LA Referencia (Red Federada de Repositorios Institucionales de Publicaciones Científicas) | Rebeca - Revista Brasileira de Estudos de Cinema e Audiovisual | DOC online - Revista Digital de Cinema Documentário
BRUNO POLIDORO PEREIRA,2015,3,,3.0,1.0,1.0,Rebeca - Revista Brasileira de Estudos de Cinema e Audiovisual | Lume (Universidade Federal do Rio Grande do Sul) | Gragoatá
EDUARDO ALVES DE SOUZA ROQUETTE,2018,1,,7.0,1.0,1.0,LA Referencia (Red Federada de Repositorios Institucionales de Publicaciones Científicas) | História (São Paulo) | Revista FAMECOS
BRUNO BINI PEREIRA ROSA,2026,8,,3.0,1.0,1.0,Rebeca - Revista Brasileira de Estudos de Cinema e Audiovisual | Lume (Universidade Federal do Rio Grande do Sul) | Gragoatá
BRUNO JORGE,2006,3,,6.0,1.0,1.0,Interfaces Brasil/Canadá | Cadernos de arte e antropologia | Espaço Ameríndio
DORRIT HARAZIM,2015,7,,3.0,1.0,1.0,AVANCA | CINEMA
BRUNO MACIEL JORGE ARANTES,2023,10,,6.0,1.0,1.0,Interfaces Brasil/Canadá | Cadernos de arte e antropologia | Espaço Ameríndio
BRUNO CARVALHO CARDOSO,2024,19,,3.0,1.0,1.0,Pitágoras 500 | Kwartalnik Filmowy | Dilemas - Revista de Estudos de Conflito e Controle Social
EDUARDO ROBERTO DE SOUZA,2011,1,,7.0,1.0,1.0,LA Referencia (Red Federada de Repositorios Institucionales de Publicaciones Científicas) | História (São Paulo) | Revista FAMECOS
BRUNO DA SILVA PEREIRA,2024,4,,3.0,1.0,1.0,Rebeca - Revista Brasileira de Estudos de Cinema e Audiovisual | Lume (Universidade Federal do Rio Grande do Sul) | Gragoatá
EDUARDO CUNHA SOUZA,2025,6,,7.0,1.0,1.0,LA Referencia (Red Federada de Repositorios Institucionales de Publicaciones Científicas) | História (São Paulo) | Revista FAMECOS
ALDEMAR FREITAS MATIAS JUNIOR,2024,6,,6.0,1.0,1.0,Revista Observatório | Pontos de Interrogação | Cordis Revista Eletrônica de História Social da Cidade
ARTHUR PERIN MOTTA,2025,4,,1.0,1.0,1.0,OSTI OAI (U.S. Department of Energy Office of Scientific and Technical Information)
ARTHUR PEREIRA SILVA,2024,2,,1.0,1.0,1.0,GIS - Gesto Imagem e Som - Revista de Antropologia
DORA CANETTI JOBIM,2025,12,,5.0,1.0,1.0,Imagofagia: revista de la Asociación Argentina de Estudios de Cine y Audiovisual | Alphaville Journal of Film and Screen Media | Sessões do Imaginário
EDUARDO FERREIRA DE SOUZA,2016,3,,7.0,1.0,1.0,LA Referencia (Red Federada de Repositorios Institucionales de Publicaciones Científicas) | História (São Paulo) | Revista FAMECOS
DANIEL LIEFF,2020,6,,2.0,1.0,1.0,LA Referencia (Red Federada de Repositorios Institucionales de Publicaciones Científicas)
DANIEL EDUARDO DE SOUZA,2022,1,,1.0,0.0,0.0,Revista Brasileira de Sociologia do Direito
DANIEL DOURADO NOLASCO,2020,1,,4.0,0.0,0.0,Aniki Revista Portuguesa da Imagem em Movimento | LA Referencia (Red Federada de Repositorios Institucionales de Publicaciones Científicas) | Dispositiva
FELLIPE GAMARANO BARBOSA,2025,13,Rotterdam,4.0,0.0,0.0,Brasiliana- Journal for Brazilian Studies | LA Referencia (Red Federada de Repositorios Institucionales de Publicaciones Científicas)
DENOY OLIVEIRA,2005,1,,1.0,0.0,0.0,Institutional Repository of the Federal University of Sergipe (Universidade Federal de Sergipe)
DANIEL FAGUNDES SOUZA,2021,2,,1.0,0.0,0.0,Revista Brasileira de Sociologia do Direito
DIEGO DA COSTA,2024,6,,1.0,0.0,0.0,The Institutional Repository at DePaul University (DePaul University)
DIEGO BARALDI DE LIMA,2024,3,,1.0,0.0,0.0,
DANIEL DRUMOND RIBEIRO,2025,1,Oscar,7.0,0.0,0.0,LÍBERO. ISSN impresso: 1517-3283 / ISSN online: 2525-3166 | Palgrave studies in adaptation and visual culture | Scientific Repository of Open Access of Portugal (RCAAP)
DANIEL FERRETTI DE SOUZA,2015,1,,1.0,0.0,0.0,Revista Brasileira de Sociologia do Direito
DIANA XAVIER COELHO,2019,4,,5.0,0.0,0.0,Temática | BDTD (Federal University of Rio Grande do Norte) | Editora Científica Digital eBooks
DANIEL JOSE RIBEIRO BILLIO,2024,22,,7.0,0.0,0.0,LÍBERO. ISSN impresso: 1517-3283 / ISSN online: 2525-3166 | Palgrave studies in adaptation and visual culture | Scientific Repository of Open Access of Portugal (RCAAP)
FELIPE CALDAS DE MELLO SABUGOSA,2021,1,,1.0,0.0,0.0,Anagrama
DANIEL MENDONCA RIBEIRO FAVARETTO,2025,6,,7.0,0.0,0.0,LÍBERO. ISSN impresso: 1517-3283 / ISSN online: 2525-3166 | Palgrave studies in adaptation and visual culture | Scientific Repository of Open Access of Portugal (RCAAP)
DENOY GONCALVES DE OLIVEIRA,2023,2,,1.0,0.0,0.0,Institutional Repository of the Federal University of Sergipe (Universidade Federal de Sergipe)
FELIPE SIENA TOMAZELLI,2025,7,,1.0,0.0,0.0,SPIRE - Sciences Po Institutional REpository
DANIEL TUPINAMBA MARCONDES GODOY DE OLIVEIRA PINTO,2023,8,,1.0,0.0,0.0,
DANIELA GONTIJO ALVES PINTO,2024,11,,1.0,0.0,0.0,Revista Scientiarum Historia
DANIELA KALLMANN,2018,4,,2.0,0.0,0.0,Intexto | Revista FAMECOS
DANIEL TENDLER,2016,4,,1.0,0.0,0.0,Editora Científica Digital eBooks
FELIPE PITOMBO FERREIRA,2025,2,,2.0,0.0,0.0,REVISTA ELETRÔNICA EXTENSÃO EM DEBATE | Revista Concinnitas
FELIPE OLIVEIRA MARTINS,2017,1,,4.0,0.0,0.0,"LA Referencia (Red Federada de Repositorios Institucionales de Publicaciones Científicas) | Intexto | Portuguese National Funding Agency for Science, Research and Technology (RCAAP Project by FCT)"
FELIPE MOURA BRAGANCA,2024,16,,1.0,0.0,0.0,Rebeca - Revista Brasileira de Estudos de Cinema e Audiovisual
FELIPE MENDES FERREIRA,2017,1,,2.0,0.0,0.0,REVISTA ELETRÔNICA EXTENSÃO EM DEBATE | Revista Concinnitas
FELIPE SHOLL MACHADO,2024,5,,2.0,0.0,0.0,Revista Histórias Públicas | LA Referencia (Red Federada de Repositorios Institucionales de Publicaciones Científicas)
FELIPE MARTINS FERREIRA GROSSO,2025,10,,2.0,0.0,0.0,REVISTA ELETRÔNICA EXTENSÃO EM DEBATE | Revista Concinnitas
DANIEL SAMPAIO AUGUSTO,2024,23,,8.0,0.0,0.0,Digital Library of Theses and Dissertations  (Universidade de São Paulo) | Aniki Revista Portuguesa da Imagem em Movimento | LA Referencia (Red Federada de Repositorios Institucionales de Publicaciones Científicas)
FELIPE VIEIRA MACHADO,2020,1,,2.0,0.0,0.0,Revista Histórias Públicas | LA Referencia (Red Federada de Repositorios Institucionales de Publicaciones Científicas)
FELIPE JOFFILY,2025,31,,7.0,0.0,0.0,LA Referencia (Red Federada de Repositorios Institucionales de Publicaciones Científicas) | Reciis | Revista FAMECOS
DENIS KAMIOKA,2022,9,,1.0,0.0,0.0,
DENISE NUNES SARACENI,2021,31,,8.0,0.0,0.0,VIII Congreso Internacional Orbis Tertius de Teoría y Crítica Literaria | El Servicio de Difusión de la Creación Intelectual (National University of La Plata) | Escritas do Tempo
DANIEL SABINO DE SOUZA,2009,1,,1.0,0.0,0.0,Revista Brasileira de Sociologia do Direito
DANIEL PEIXOTO RIBEIRO,2015,1,,7.0,0.0,0.0,LÍBERO. ISSN impresso: 1517-3283 / ISSN online: 2525-3166 | Palgrave studies in adaptation and visual culture | Scientific Repository of Open Access of Portugal (RCAAP)
FELIPE HERZOG FERREIRA,2025,8,,2.0,0.0,0.0,REVISTA ELETRÔNICA EXTENSÃO EM DEBATE | Revista Concinnitas
DANIEL NOLASCO DE SOUZA,2025,14,,1.0,0.0,0.0,Revista Brasileira de Sociologia do Direito
DANIELA BROITMAN,2020,4,,2.0,0.0,0.0,Revista FAMECOS | AVANCA | CINEMA
FELIPE FERNANDES BRAGA,2019,5,,5.0,0.0,0.0,Revista de Ensino em Artes Moda e Design | Lume (Universidade Federal do Rio Grande do Sul) | Comunicação & Inovação
DENOY DE OLIVEIRA,2005,4,,1.0,0.0,0.0,Institutional Repository of the Federal University of Sergipe (Universidade Federal de Sergipe)
EDUARDO DORNELES ROSA,2016,3,,1.0,0.0,0.0,Cadernos Pagu
FABIO ALLON DOS SANTOS,2024,23,,1.0,0.0,0.0,Revista Periódicus
DIEGO DE JESUS SANTOS,2018,3,,2.0,0.0,0.0,Tercio Creciente | CEUB (University Center of Brasília)
DIEGO EUGENIO DOS SANTOS,2024,2,,2.0,0.0,0.0,Tercio Creciente | CEUB (University Center of Brasília)
ELIANE DIAS CAFFE ALVES,2024,14,,2.0,0.0,0.0,AVANCA | CINEMA
ELIANE COSTER,2018,6,,3.0,0.0,0.0,Mórula Editorial eBooks | Culture and Local Governance
DIVINO TSEREWAHU TSEREPTSE,2017,4,,1.0,0.0,0.0,Revista Univap
EDUARDO VAISMAN,2025,22,,1.0,0.0,0.0,ILUMINURAS
EDUARDO RAJABALLY,2025,36,,1.0,0.0,0.0,
DUFLAIR MAGRI BARRADAS,2024,3,,1.0,0.0,0.0,Rebeca - Revista Brasileira de Estudos de Cinema e Audiovisual
EDER JOSE DOS SANTOS JUNIOR,2024,18,,7.0,0.0,0.0,Significação Revista de Cultura Audiovisual | Diálogo com a Economia Criativa | Ícone
EDUARDO LIMA DE CASTRO NUNES,2024,12,,2.0,0.0,0.0,Alphaville Journal of Film and Screen Media | Jagiellonian University Repository (Jagiellonian University)
EDER RODRIGUES DOS SANTOS,2022,1,,7.0,0.0,0.0,Significação Revista de Cultura Audiovisual | Diálogo com a Economia Criativa | Ícone
EDUARDO LEONEL ALBERGARIA,2025,19,,3.0,0.0,0.0,Brasiliana- Journal for Brazilian Studies | Convergências estudos em Humanidades Digitais
EDER SANTOS,2006,1,,7.0,0.0,0.0,Significação Revista de Cultura Audiovisual | Diálogo com a Economia Criativa | Ícone
EDUARDO JOSE DE CASTRO PERDIGAO,2020,1,,2.0,0.0,0.0,Alphaville Journal of Film and Screen Media | Jagiellonian University Repository (Jagiellonian University)
EDUARDO HUNTER PINTO DE MOURA,2024,11,,16.0,0.0,0.0,LA Referencia (Red Federada de Repositorios Institucionales de Publicaciones Científicas) | Rebeca - Revista Brasileira de Estudos de Cinema e Audiovisual | Significação Revista de Cultura Audiovisual
EDUARDO GUEDES NAZARIAN,2014,1,,2.0,0.0,0.0,DOC online - Revista Digital de Cinema Documentário
EDUARDO GOLDENSTEIN,2024,13,,2.0,0.0,0.0,SHILAP Revista de lepidopterología
EDISON ARAUJO RODRIGUES JUNIOR,2025,4,,1.0,0.0,0.0,LA Referencia (Red Federada de Repositorios Institucionales de Publicaciones Científicas)
EDSON JOSE BASTOS DE OLIVEIRA JUNIOR,2021,19,,1.0,0.0,0.0,AVANCA | CINEMA
EDUARDO AGUILLAR MATTOS,2021,3,,1.0,0.0,0.0,LA Referencia (Red Federada de Repositorios Institucionales de Publicaciones Científicas)
EDUARDO ATALIBA BENAIM DE TOLEDO PIZA E ALMEIDA,2022,5,,4.0,0.0,0.0,Dialnet (Universidad de la Rioja) | SHILAP Revista de lepidopterología | Revista Tempos e Espaços em Educação
EDUARDO BARROS PINTO,2018,2,,16.0,0.0,0.0,LA Referencia (Red Federada de Repositorios Institucionales de Publicaciones Científicas) | Rebeca - Revista Brasileira de Estudos de Cinema e Audiovisual | Significação Revista de Cultura Audiovisual
EDUARDO BRANDAO PINTO,2017,1,,16.0,0.0,0.0,LA Referencia (Red Federada de Repositorios Institucionales de Publicaciones Científicas) | Rebeca - Revista Brasileira de Estudos de Cinema e Audiovisual | Significação Revista de Cultura Audiovisual
DANIEL DE SOUZA RIBEIRO DA SILVA,2014,3,,7.0,0.0,0.0,LÍBERO. ISSN impresso: 1517-3283 / ISSN online: 2525-3166 | Palgrave studies in adaptation and visual culture | Scientific Repository of Open Access of Portugal (RCAAP)
EDUARDO FELIPE CASTRO REIS,2019,1,,2.0,0.0,0.0,Alphaville Journal of Film and Screen Media | Jagiellonian University Repository (Jagiellonian University)
ELIEZER LEITE ROLIM FILHO,2018,2,,1.0,0.0,0.0,
ELIFAS VICENTE ANDREATO,2020,2,,1.0,0.0,0.0,
ELISABETE ALVES RODRIGUES,2025,22,,2.0,0.0,0.0,"Portuguese National Funding Agency for Science, Research and Technology (RCAAP Project by FCT) | LA Referencia (Red Federada de Repositorios Institucionales de Publicaciones Científicas)"
FABIANA DE OLIVEIRA ASSIS,2019,2,,2.0,0.0,0.0,Intercom Revista Brasileira de Ciências da Comunicação
FABRIZIA GONTIJO ALVES PINTO,2022,6,,2.0,0.0,0.0,"Portuguese National Funding Agency for Science, Research and Technology (RCAAP Project by FCT)"
FABRICIO PIRES BITTAR DE CARVALHO,2024,25,,1.0,0.0,0.0,
FABIO SAMPAIO CORREA,2013,2,,1.0,0.0,0.0,Repositorio Institucional POLIJIC
DIEGO HENRIQUE DANTAS FREITAS,2026,31,,1.0,0.0,0.0,LA Referencia (Red Federada de Repositorios Institucionales de Publicaciones Científicas)
FABIO NOGUEIRA SANTOS,2016,1,,1.0,0.0,0.0,Revista Periódicus
DIEGO LEITE LIMA,2018,2,,1.0,0.0,0.0,
FABIO JOSE DE MELO,2024,10,,1.0,0.0,0.0,Escritas/Revista Escritas
FABIO EDUARDO BALDO,2020,6,,1.0,0.0,0.0,Pontos de Interrogação
FABIO AUGUSTO DOS SANTOS JUNIOR,2018,1,,1.0,0.0,0.0,Revista Periódicus
FABIANO GRENDENE DE SOUZA,2019,18,,4.0,0.0,0.0,Digital Library of Theses and Dissertations  (Universidade de São Paulo)
FABIANA DE LIMA LEITE,2025,5,,1.0,0.0,0.0,Sitientibus
ELISANDRO DALCIN,2016,2,,1.0,0.0,0.0,O Mosaico
EVALDO SERGIO VINAGRE MOCARZEL,2025,44,,1.0,0.0,0.0,Revista Brasileira de Estudos da Presença
EVA FURNARI,2016,5,,1.0,0.0,0.0,
ERNESTO PEIXOTO BALDAN,2016,1,,1.0,0.0,0.0,DOC online - Revista Digital de Cinema Documentário
DIEGO ROCHA SANTOS,2024,3,,2.0,0.0,0.0,Tercio Creciente | CEUB (University Center of Brasília)
ERNESTO CARNEIRO RODRIGUES,2020,17,,2.0,0.0,0.0,Carnets | Directory of Open access Books (OAPEN Foundation)
ERLAN MORAES DE SOUZA,2022,3,,1.0,0.0,0.0,
ERIK LUIS DE CASTRO OLIVEIRA,2024,8,,2.0,0.0,0.0,Americanae (AECID Library) | LA Referencia (Red Federada de Repositorios Institucionales de Publicaciones Científicas)
EMILIANO FISCHER CUNHA,2020,9,,2.0,0.0,0.0,Lume (Universidade Federal do Rio Grande do Sul)
ELIZEU EWALD,2005,4,,1.0,0.0,0.0,AVANCA | CINEMA
ELIZEU ANTONIO EWALD REZENDE,2005,4,,1.0,0.0,0.0,AVANCA | CINEMA
DANIEL DOS SANTOS SOUZA,2018,1,,1.0,0.0,0.0,Revista Brasileira de Sociologia do Direito
ADALBERTO PENNA,2015,7,,2.0,0.0,0.0,Revista FAMECOS
DANIEL CAMARGO KFOURI,2024,3,,2.0,0.0,0.0,LA Referencia (Red Federada de Repositorios Institucionales de Publicaciones Científicas) | UNESP Institutional Repository (São Paulo State University)
ANGELO ARENASIO DEFANTI BARBOSA,2023,15,,3.0,0.0,0.0,"Cidades, comunidades e território/Cidades comunidades e territórios | Revista Trabalho Necessário | Simbiótica Revista Eletrônica"
ANTONIO CORTEZ NETO,2025,3,,1.0,0.0,0.0,
ANTONIO BORGES NETO,2024,8,,1.0,0.0,0.0,
ANNA MARIA DE AZEVEDO,2025,22,,2.0,0.0,0.0,PerCursos | Revista FAMECOS
ANNA CARL LUCCHESE,2015,1,,1.0,0.0,0.0,Significação Revista de Cultura Audiovisual
ANITA DE SOUZA ROCHA MAGALHAES DA SILVEIRA,2022,5,,15.0,0.0,0.0,LA Referencia (Red Federada de Repositorios Institucionales de Publicaciones Científicas) | Film Quarterly | La Cifra Impar Revista de estudios de audiovisuales
ANITA BEATRIZ BARBOSA DE SOUZA,2024,4,,2.0,0.0,0.0,Intexto | Lumina
ANGELA MARIA ALONSO,2022,2,,3.0,0.0,0.0,Revista Coletivo Cine-Fórum
ANTONIO JOSE NETO,2012,1,,1.0,0.0,0.0,
ANDRES WOOD,2021,1,Oscar/Sundance,7.0,0.0,0.0,Dialnet (Universidad de la Rioja) | Conexión | Anos 90
ANDREA VIANA PRATES,2021,3,,1.0,0.0,0.0,transcript Verlag eBooks
ANDREA DE ARRUDA FERRAZ,2025,15,,1.0,0.0,0.0,LA Referencia (Red Federada de Repositorios Institucionales de Publicaciones Científicas)
ANDRE KLOTZEL,2025,9,,3.0,0.0,0.0,História & Ensino
ANDERSON SILVA,2014,1,,3.0,0.0,0.0,UNESP Institutional Repository (São Paulo State University) | PUCRS Repository (Pontifical Catholic University of Rio Grande do Sul)
ANDERSON PEREIRA DA SILVA,2021,1,,3.0,0.0,0.0,UNESP Institutional Repository (São Paulo State University) | PUCRS Repository (Pontifical Catholic University of Rio Grande do Sul)
ANTONIO FERREIRA NETO,2025,3,,1.0,0.0,0.0,
ANTONIO LINHARES DA CUNHA FILHO,2020,3,,1.0,0.0,0.0,
ANDERSON JESUS DA SILVA,2022,10,,3.0,0.0,0.0,UNESP Institutional Repository (São Paulo State University) | PUCRS Repository (Pontifical Catholic University of Rio Grande do Sul)
ATHOS ALEXSANDRO MUNIZ DE FARIAS,2026,11,,1.0,0.0,0.0,Temática
BETSE PALMEIRA DE PAULA,2023,21,,1.0,0.0,0.0,AVANCA | CINEMA
BERTRAND DE SOUZA LIRA,2019,5,,5.0,0.0,0.0,LA Referencia (Red Federada de Repositorios Institucionales de Publicaciones Científicas) | Dialnet (Universidad de la Rioja)
BENJAMIN NAISHTAT,2023,2,,1.0,0.0,0.0,Latinskaia Amerika
BENEDITO FERREIRA DOS SANTOS NETO,2020,3,,3.0,0.0,0.0,Revista Memória em Rede
BEATRIZ MORGANA VIANNA,2022,1,,2.0,0.0,0.0,"Múltiplos Olhares em Ciência da Informação | Portuguese National Funding Agency for Science, Research and Technology (RCAAP Project by FCT)"
AUGUSTO CESAR CORREA SEVA,2018,5,,1.0,0.0,0.0,Muiraquitã - Revista de Letras e Humanidades
ARTUR HENRIQUE DA COSTA PINTO,2022,2,,4.0,0.0,0.0,LA Referencia (Red Federada de Repositorios Institucionales de Publicaciones Científicas) | Imprensa da Universidade de Coimbra eBooks | Lume (Universidade Federal do Rio Grande do Sul)
ANTONIO VENTURI NETO,2025,27,,1.0,0.0,0.0,
ARTHUR MEDEIROS NUNES,2013,1,,2.0,0.0,0.0,Rebeca - Revista Brasileira de Estudos de Cinema e Audiovisual | Lume (Universidade Federal do Rio Grande do Sul)
ARTHUR FERNANDES ANDRADE LINS,2025,5,,1.0,0.0,0.0,LA Referencia (Red Federada de Repositorios Institucionales de Publicaciones Científicas)
ARTHUR COUCE NUNES,2023,1,,2.0,0.0,0.0,Rebeca - Revista Brasileira de Estudos de Cinema e Audiovisual | Lume (Universidade Federal do Rio Grande do Sul)
ARMANDO BARROSO MENDES FILHO,2022,11,,1.0,0.0,0.0,LA Referencia (Red Federada de Repositorios Institucionales de Publicaciones Científicas)
ARIANE DOS SANTOS PEREIRA,2021,2,,2.0,0.0,0.0,Comunicação & Inovação
ANTONIO VICENTINI DA CUNHA,2016,2,,1.0,0.0,0.0,
ANDERSON LUIZ SILVA DO NASCIMENTO,2017,2,,3.0,0.0,0.0,UNESP Institutional Repository (São Paulo State University) | PUCRS Repository (Pontifical Catholic University of Rio Grande do Sul)
ANDERSON FILIPE DA SILVA OLIVEIRA,2025,1,,3.0,0.0,0.0,UNESP Institutional Repository (São Paulo State University) | PUCRS Repository (Pontifical Catholic University of Rio Grande do Sul)
DANDARA DA COSTA FERREIRA,2023,2,,1.0,0.0,0.0,Brasiliana- Journal for Brazilian Studies
ALESSANDRO CARVALHO SILVA,2013,1,,1.0,0.0,0.0,Anais Congresso Brasileiro de Energia Solar
ALEXANDRE PINTO CARVALHO BRAGA,2018,7,,3.0,0.0,0.0,Paralelo 31 | LA Referencia (Red Federada de Repositorios Institucionales de Publicaciones Científicas) | Latitude
ALEXANDRE OLIVEIRA DE CARVALHO,2023,1,,3.0,0.0,0.0,Paralelo 31 | LA Referencia (Red Federada de Repositorios Institucionales de Publicaciones Científicas) | Latitude
ALEXANDRE FELIX DE CARVALHO,2016,3,,3.0,0.0,0.0,Paralelo 31 | LA Referencia (Red Federada de Repositorios Institucionales de Publicaciones Científicas) | Latitude
ALEXANDRE DA SILVA CARVALHO,2025,8,,3.0,0.0,0.0,Paralelo 31 | LA Referencia (Red Federada de Repositorios Institucionales de Publicaciones Científicas) | Latitude
ALEXANDRE BOECHAT,2018,3,,1.0,0.0,0.0,
ALEX PIPERNO,2020,1,,1.0,0.0,0.0,Dixit
ALESSANDRO BARROS DA SILVA,2019,2,,1.0,0.0,0.0,Anais Congresso Brasileiro de Energia Solar
ALEXANDRE WAHRHAFTIG,2022,5,,2.0,0.0,0.0,ARS (São Paulo) | LA Referencia (Red Federada de Repositorios Institucionales de Publicaciones Científicas)
ALESSANDRA DORGAN,2024,6,,1.0,0.0,0.0,Repositori Obert de Coneixement de lAjuntament de Barcelona
ALBERTO RONDALLI,2017,2,,1.0,0.0,0.0,SHILAP Revista de lepidopterología
AIRTON CORREA SOARES JUNIOR,2019,5,,1.0,0.0,0.0,
AFONSO JOSE DA SILVA POYART,2021,14,,2.0,0.0,0.0,"Portuguese National Funding Agency for Science, Research and Technology (RCAAP Project by FCT) | Faces de Clio"
ADRIANA CECHETTI PINTO,2016,4,,1.0,0.0,0.0,Logos
ADRIANA ARAUJO BORGES,2018,14,,2.0,0.0,0.0,Zenodo (CERN European Organization for Nuclear Research)
ALEXANDRE PIRES CAVALCANTI,2024,4,,1.0,0.0,0.0,
ALICE DE ANDRADE,2020,5,,4.0,0.0,0.0,Profanações | Significação Revista de Cultura Audiovisual
ANDERSON FERREIRA DA SILVA,2020,4,,3.0,0.0,0.0,UNESP Institutional Repository (São Paulo State University) | PUCRS Repository (Pontifical Catholic University of Rio Grande do Sul)
ANA PAULA JOHANN,2020,6,,2.0,0.0,0.0,LA Referencia (Red Federada de Repositorios Institucionales de Publicaciones Científicas)
ANDERSON FERRARI DA SILVA CERA,2024,1,,3.0,0.0,0.0,UNESP Institutional Repository (São Paulo State University) | PUCRS Repository (Pontifical Catholic University of Rio Grande do Sul)
ANDERSON DE SOUZA DA SILVA,2018,1,,3.0,0.0,0.0,UNESP Institutional Repository (São Paulo State University) | PUCRS Repository (Pontifical Catholic University of Rio Grande do Sul)
ANDERSON DE LIMA SILVA,2023,5,,3.0,0.0,0.0,UNESP Institutional Repository (São Paulo State University) | PUCRS Repository (Pontifical Catholic University of Rio Grande do Sul)
ANA RIEPER,2025,17,,3.0,0.0,0.0,DOC online - Revista Digital de Cinema Documentário | Contemporanea
ANA RAQUEL RODRIGUES DA SILVA,2025,1,,1.0,0.0,0.0,AVANCA | CINEMA
ANA PAULA RODRIGUES HENKEL,2026,1,,1.0,0.0,0.0,AVANCA | CINEMA
ANA MARIA ROXO BELTRAN,2015,1,,1.0,0.0,0.0,
ALLAN FITERMAN,2025,10,,4.0,0.0,0.0,Revista FAMECOS | Brasiliana- Journal for Brazilian Studies | LA Referencia (Red Federada de Repositorios Institucionales de Publicaciones Científicas)
ANA ESPERANCA RODRIGUES DA SILVA,2017,1,,1.0,0.0,0.0,AVANCA | CINEMA
ANA CAROLINE RODRIGUES DA SILVA,2023,1,,1.0,0.0,0.0,AVANCA | CINEMA
ALUIZIO FIGUEIREDO ABRANCHES FILHO,2015,5,,10.0,0.0,0.0,Linguagem Estudos e Pesquisas | LA Referencia (Red Federada de Repositorios Institucionales de Publicaciones Científicas) | Veredas da História
ALUISIO DIDIER,2006,1,,1.0,0.0,0.0,LA Referencia (Red Federada de Repositorios Institucionales de Publicaciones Científicas)
ALUISIO DE VASCONCELLOS DIDIER,2019,5,,1.0,0.0,0.0,LA Referencia (Red Federada de Repositorios Institucionales de Publicaciones Científicas)
ALMIR CORREIA,2021,46,,1.0,0.0,0.0,
BRUNA DE CASSIA SILVA CARVALHO,2017,3,,3.0,0.0,0.0,LA Referencia (Red Federada de Repositorios Institucionales de Publicaciones Científicas) | Miguel Hernández Communication Journal
BRUNA DE LIMA SILVA,2020,1,,3.0,0.0,0.0,LA Referencia (Red Federada de Repositorios Institucionales de Publicaciones Científicas) | Miguel Hernández Communication Journal
BRUNO CESAR DE OLIVEIRA MENEZES,2019,1,,1.0,0.0,0.0,Revista Multiplicidade
CLAUDIA NUNES DE ALMEIDA,2018,7,,2.0,0.0,0.0,Uniedusul Editora eBooks
CLAUDIO GUIDO SILVA CARDOSO,2015,1,,1.0,0.0,0.0,Institutional Repository of the Federal Technological University of Paraná (RIUT) (Federal University of Technology – Paraná)
CLAUDIO CAVALCANTE DA SILVA,2014,1,,1.0,0.0,0.0,Institutional Repository of the Federal Technological University of Paraná (RIUT) (Federal University of Technology – Paraná)
CLAUDIO ANTONIO PEREIRA,2020,15,,1.0,0.0,0.0,
CLAUDIO ANDRE KAHNS,2014,4,,1.0,0.0,0.0,RUA
CLAUDIA SARAVIA CARDOSO DE CASTRO,2025,15,,1.0,0.0,0.0,Rebeca - Revista Brasileira de Estudos de Cinema e Audiovisual
CLAUDIA PATRICIA LIMA PINHEIRO,2020,4,,1.0,0.0,0.0,
CLAUDIA MARIA ANDRE DE CARVALHO E CAVALCANTI DE ALBUQUERQUE,2020,1,,1.0,0.0,0.0,Latin American theatre review
CLAUDIO MARCIO PEREIRA COSTA MARQUES,2024,14,,1.0,0.0,0.0,
CLAUDIA DE FREITAS MATTOS,2019,3,,3.0,0.0,0.0,Spectrum Research Repository (Concordia University) | dObra[s] – revista da Associação Brasileira de Estudos de Pesquisas em Moda
CLARISSA CAMPOLINA CARVALHO SILVA,2024,13,,1.0,0.0,0.0,Intercom Revista Brasileira de Ciências da Comunicação
CHARLES DE SOUZA GAVIN,2023,13,,2.0,0.0,0.0,desleituras Literatura Filosofia Cinema e outras artes
CHAIM LITEWSKI,2026,6,,11.0,0.0,0.0,LA Referencia (Red Federada de Repositorios Institucionales de Publicaciones Científicas) | UNIFESP Institutional Repository (Universidade Federal de São Paulo) | Estudos da língua(gem)
CESAR LUIZ LEITE,2022,3,,8.0,0.0,0.0,Revista Brasileira de Estudos da Presença
CESAR LUIZ CABRAL,2024,18,,6.0,0.0,0.0,"Portuguese National Funding Agency for Science, Research and Technology (RCAAP Project by FCT) | Aniki Revista Portuguesa da Imagem em Movimento | Zenodo (CERN European Organization for Nuclear Research)"
CLAUDIO JOSE LIMA PERALTA,2019,1,,3.0,0.0,0.0,Digituma (University of Madeira) | LA Referencia (Red Federada de Repositorios Institucionales de Publicaciones Científicas) | Lumieres - Repositorio institucional Universidad de América
CLAUDIO MONTEIRO LIMA DE CARVALHO,2011,1,,3.0,0.0,0.0,Digituma (University of Madeira) | LA Referencia (Red Federada de Repositorios Institucionales de Publicaciones Científicas) | Lumieres - Repositorio institucional Universidad de América
BRUNO COSTA DE OLIVEIRA,2025,7,,1.0,0.0,0.0,Revista Multiplicidade
CRISTIANO ABUD BARBOSA,2018,9,,3.0,0.0,0.0,Revista Triângulo
DALTON PEDRO SALA JUNIOR,2023,1,,1.0,0.0,0.0,SHILAP Revista de lepidopterología
CRISTIANO MENEZES DA SILVA SEVIERI,2020,1,,1.0,0.0,0.0,Revista Entrecaminos
CRISTIANO MARCELLO DA SILVA,2017,1,,1.0,0.0,0.0,Revista Entrecaminos
CRISTIANO DA SILVA VIEIRA,2024,6,,2.0,0.0,0.0,Revista Coletivo Cine-Fórum | Revista 2i | Estudos de Identidade e Intermedialidade
CRISTIANO BURLAN DA SILVA,2024,28,,1.0,0.0,0.0,Revista Entrecaminos
CRISTIANO BARBOSA,2025,3,,3.0,0.0,0.0,Revista Triângulo
CRISTIANE PINTO DE OLIVEIRA,2026,8,,8.0,0.0,0.0,LA Referencia (Red Federada de Repositorios Institucionales de Publicaciones Científicas) | Germinal Marxismo e Educação em Debate | Lume (Universidade Federal do Rio Grande do Sul)
CLAUDIO NASCIMENTO SILVA,2022,1,,1.0,0.0,0.0,Institutional Repository of the Federal Technological University of Paraná (RIUT) (Federal University of Technology – Paraná)
CLAUFE FERREIRA RODRIGUES,2019,1,,3.0,0.0,0.0,AVANCA | CINEMA | LA Referencia (Red Federada de Repositorios Institucionales de Publicaciones Científicas)
CLAUDIO VIEIRA PEREIRA,2021,1,,1.0,0.0,0.0,
CLAUDIO ROSA,2019,1,,1.0,0.0,0.0,La Cifra Impar Revista de estudios de audiovisuales
CLAUDIO ROGERIO DA SILVA,2019,1,,1.0,0.0,0.0,Institutional Repository of the Federal Technological University of Paraná (RIUT) (Federal University of Technology – Paraná)
CLAUDIO ROBERTO LIMA GUIMARAES,2010,5,,3.0,0.0,0.0,Digituma (University of Madeira) | LA Referencia (Red Federada de Repositorios Institucionales de Publicaciones Científicas) | Lumieres - Repositorio institucional Universidad de América
CLAUDIO PINHEIRO MONTEIRO TORRES,2026,7,,1.0,0.0,0.0,Direito e Desenvolvimento
CESAR EDUARDO RODRIGUES DE SOUZA,2024,27,,1.0,0.0,0.0,Revista Brasileira de História & Ciências Sociais
CASSIO PEREIRA DOS SANTOS,2024,6,,1.0,0.0,0.0,Estudos Ibero-Americanos
CASSIO DA SILVA SANTOS,2013,1,,1.0,0.0,0.0,Estudos Ibero-Americanos
BRUNO PACHECO DE OLIVEIRA,2005,4,,1.0,0.0,0.0,Revista Multiplicidade
CAIO BERNARDO DA SILVA,2018,1,,2.0,0.0,0.0,Novos Rumos Sociológicos | LA Referencia (Red Federada de Repositorios Institucionales de Publicaciones Científicas)
CAIO BARRETO DA SILVA COUTINHO,2026,8,,2.0,0.0,0.0,Novos Rumos Sociológicos | LA Referencia (Red Federada de Repositorios Institucionales de Publicaciones Científicas)
CAETANO GOTARDO SOARES,2020,10,Rotterdam,12.0,0.0,0.0,Rebeca - Revista Brasileira de Estudos de Cinema e Audiovisual | Logos | Brasiliana- Journal for Brazilian Studies
BRUNO TORRES MORAES,2020,2,,1.0,0.0,0.0,Extensio Revista Eletrônica de Extensão
BRUNO TINOCO GAROTTI,2025,6,,5.0,0.0,0.0,INTERIN | Intexto | Lumina
BRUNO TESSARI VICENTE CORIOLANO VIRIATO,2023,8,,1.0,0.0,0.0,Ars Longa Cuadernos de arte
BRUNO MARTINS MORAES,2025,1,,1.0,0.0,0.0,Extensio Revista Eletrônica de Extensão
CAROLINE VIECILI LEONE,2017,2,,7.0,0.0,0.0,Digital Library of Theses and Dissertations  (Universidade de São Paulo) | Lume (Universidade Federal do Rio Grande do Sul) | Germinal Marxismo e Educação em Debate
BRUNO LIMA XAVIER,2024,11,,1.0,0.0,0.0,UiTM Institutional Repositories (Universiti Teknologi MARA)
BRUNO KOTT DE OLIVEIRA,2023,6,,1.0,0.0,0.0,Revista Multiplicidade
BRUNO JARETA DE OLIVEIRA,2022,1,,1.0,0.0,0.0,Revista Multiplicidade
BRUNO DUTRA DE OLIVEIRA,2015,2,,1.0,0.0,0.0,Revista Multiplicidade
BRUNO DORO DE OLIVEIRA,2016,1,,1.0,0.0,0.0,Revista Multiplicidade
BRUNO DE OLIVEIRA,2018,12,,1.0,0.0,0.0,Revista Multiplicidade
CAIO RUBINI SILVA,2016,2,,2.0,0.0,0.0,Novos Rumos Sociológicos | LA Referencia (Red Federada de Repositorios Institucionales de Publicaciones Científicas)
CAMILA JOSÃ DONOSO,2019,1,,1.0,0.0,0.0,Cuadernos del Centro de Estudios de Diseño y Comunicación
CAMILA MACEDO FERREIRA MIKOS,2018,2,,2.0,0.0,0.0,Cadernos de Linguística e Teoria da Literatura (Universidade Federal de Minas Gerais) | Editora Científica Digital eBooks
CAMILA MOREIRA MARQUES,2024,3,,1.0,0.0,0.0,Cuestiones de género/Cuestiones de género
CAMILA VIANNA MARQUES MACIEL,2021,1,,1.0,0.0,0.0,Cuestiones de género/Cuestiones de género
CAMILO GALLI TAVARES,2026,18,,12.0,0.0,0.0,LA Referencia (Red Federada de Repositorios Institucionales de Publicaciones Científicas) | Convergências estudos em Humanidades Digitais | Estudos da língua(gem)
CARLA DIAS CAFFE ALVES,2020,1,,1.0,0.0,0.0,
CARLOS ALBERTO RICCELLI,2016,3,,1.0,0.0,0.0,LA Referencia (Red Federada de Repositorios Institucionales de Publicaciones Científicas)
CARLOS ALFREDO JARDIM,2023,2,,1.0,0.0,0.0,Cadernos de arte e antropologia
ADELINO SEVERINO DA SILVA NETO,2025,7,,2.0,0.0,0.0,"Portuguese National Funding Agency for Science, Research and Technology (RCAAP Project by FCT) | Repositório Institucional do ISCTE-IUL (ISCTE-IUL)"
CARLOS DANIEL AMEGLIO,2019,1,,2.0,0.0,0.0,La Cifra Impar Revista de estudios de audiovisuales | Érudit (Université de Montréal)
CARLOS HUMBERTO CAMPOS SALDANHA,2014,1,,4.0,0.0,0.0,Digital Library of Theses and Dissertations  (Universidade de São Paulo) | Repositorio Universidad Distrital | Directory of Open access Books (OAPEN Foundation)
CARLOS MORELLI,2017,1,,2.0,0.0,0.0,Repositorio Digital Institucional de la Universidad de Buenos Aires (Universidad de Buenos Aires)
CARLOS VINICIUS BORGES,2025,111,,1.0,0.0,0.0,Revista Cientí­fica/FAP
CAROLINA NOGUEIRA KOTSCHO,2023,1,,3.0,0.0,0.0,LA Referencia (Red Federada de Repositorios Institucionales de Publicaciones Científicas) | Esferas
CAROLINE MARCELLETTI ROCHA DE OLIVEIRA,2014,2,,1.0,0.0,0.0,University of Toronto Quarterly
CAROLINE OKOSHI FIORATTI,2023,12,,1.0,0.0,0.0,
FERNANDA BASTOS DE SIQUEIRA SANTOS,2019,2,,3.0,0.0,0.0,Atos de Pesquisa em Educação | Arteriais - Revista do Programa de Pós-Gradução em Artes
AARON SALLES FERNANDES SILVA TORRES,2020,3,,0.0,,,
ABELARDO DE CARVALHO PEREIRA,2015,7,,0.0,,,
ABIGAIL ANNA SPINDEL,2019,2,,0.0,,,
ABRAHAM MATSCHULAT AGUIAR,2016,2,,0.0,,,
ACHILES LUCIANO TEIXEIRA FILHO,2021,2,,0.0,,,
ADELINA PONTUAL FERREIRA,2023,12,,0.0,,,
ADIL GIOVANNI LEPRI,2020,1,,0.0,,,
ADIR PEDRO FILHO,2017,1,,0.0,,,
ADIRLEY QUEIROS DE ANDRADE,2025,11,,0.0,,,
ADLER FERNANDES DA PAZ,2025,3,,0.0,,,
ADOLFO LACHTERMACHER,2023,5,,0.0,,,
ADOLFO OSVALDO ORICO ROSENTHAL,2024,14,,0.0,,,
ADONIAS RIOS DE MOURA TEIXEIRA,2025,31,,0.0,,,
ADONIS MOURA CARDOSO E SILVA JUNIOR,2024,7,,0.0,,,
ADRIANA ALMEIDA FELICIANO,2024,3,,0.0,,,
ADRIANA DE LUCENA NAVAIS DUTRA,2025,11,,0.0,,,
ADRIANA GUIMARAES JACOBSEN,2025,3,,0.0,,,
ADRIANA MARIA MONTEIRO DE MIRANDA,2024,10,,0.0,,,
ADRIANA MARINHEIRO YANEZ,2024,4,,0.0,,,
ADRIANA SANTOS DE VASCONCELOS,2018,3,,0.0,,,
ADRIANA VELOSO APOCALYPSE,2014,1,,0.0,,,
ADRIANO ESPINOLA FILHO,2026,6,,0.0,,,
ADRIANO JAYME GUIMARAES,2023,1,,0.0,,,
ADRIANO ROBERTO CIVITA,2013,13,,0.0,,,
ADRIANO SCHMIDT,2019,1,,0.0,,,
ADRIELLE PRISCILA DA SILVA TAVARES,2023,2,,0.0,,,
AFFONSO UCHOA ALONSO RODRIGUES,2019,5,,0.0,,,
AFONSO CARLOS LISBOA GALLINDO,2018,1,,0.0,,,
AGUSTIN BANCHERO,2022,1,,0.0,,,
AGUSTINA SAN MARTÃN,2021,1,,0.0,,,
AIDA MARIA BASTOS NEPOMUCENO MARQUES,2024,12,,0.0,,,
AIMAR LABAKI JUNIOR,2022,1,,0.0,,,
ALAN ALVES DA SILVA,2021,1,,0.0,,,
ALAN MIRANDA DA SILVA,2023,1,,0.0,,,
ALBA CRISTINA SOARES,2023,1,,0.0,,,
ALBERT KNECHTEL,2023,1,,0.0,,,
ALBERTO AUGUSTO DOS REIS GRACA,2023,4,,0.0,,,
ALBERTO LUIZ TORRIERI GOMES,2023,6,,0.0,,,
ALBERTO PAULO FERRAZ,2005,1,,0.0,,,
ALBERTO RENAULT DE CERQUEIRA LIMA,2024,28,,0.0,,,
ALCEU PAIVA VALENÃA,2014,1,,0.0,,,
ALCIDES TADEU GUGLIANO,2018,1,,0.0,,,
ALDENEIVA CELENE DE ALMEIDA FONSECA,2021,1,,0.0,,,
ALEJANDRO BERNAL RUEDA,2023,1,,0.0,,,
ALEJANDRO COLLS PEYRA,2018,1,,0.0,,,
ALEJANDRO JOSE ANDUJAR TUADA,2018,1,,0.0,,,
ALEJANDRO JOSE VALENTI,2023,1,,0.0,,,
ALEJANDRO JOSÃ VALENTI,2012,1,,0.0,,,
ALESSANDRA DOS SANTOS BARBOSA,2023,1,,0.0,,,
ALESSANDRA VIGANO GONCALVES,2024,3,,0.0,,,
ALESSANDRO DE FARIAS GUEDES,2023,6,,0.0,,,
ALESSANDRO MONNERAT MIRANDA DE OLIVEIRA,2021,2,,0.0,,,
ALETHEA RUAS MIRANDA DOS SANTOS,2024,2,,0.0,,,
ALEX ARMANDO OSORIO CABRAL,2020,4,,0.0,,,
ALEX LEVY HELLER,2025,8,,0.0,,,
ALEXANDER KAKABADZE,2023,1,,0.0,,,
ALEXANDRA MACHADO DE SÃ,2025,36,,0.0,,,
ALEXANDRE AMORIM DUNHOFER REINECKE,2016,1,,0.0,,,
ALEXANDRE BAXTER KHOURY,2023,6,,0.0,,,
ALEXANDRE CESARIO DE ABREU,2022,8,,0.0,,,
ALEXANDRE DE ASSIS CORREA,2022,2,,0.0,,,
ALEXANDRE DE CAMARGO GABASSI,2013,2,,0.0,,,
ALEXANDRE DE MORAES MELLO,2023,14,,0.0,,,
ALEXANDRE GALVAO SUCUPIRA BOURY,2022,8,,0.0,,,
ALEXANDRE JEAN JACQUES ALAIN BOUCHET,2023,3,,0.0,,,
ALEXANDRE MAGNO MELLO DIAS,2019,1,,0.0,,,
ALEXANDRE NICOLETTI CAMARGO,2025,13,,0.0,,,
ALEXANDRE PASCHOALINI CAMPOS,2017,3,,0.0,,,
ALEXANDRE SILVEIRA MALTA ALENCAR,2025,5,,0.0,,,
ALEXIS ZELENSKY,2025,2,,0.0,,,
ALEXSANDRO ANTONIO DE SOUZA,2025,26,,0.0,,,
ALFREDO HELIO SYRKIS,2017,1,,0.0,,,
ALFREDO TADEU DOS REIS ALVES,2018,16,,0.0,,,
ALICE CRUZ SANTOS FERREIRA DA SILVA,2023,1,,0.0,,,
ALICE FURTADO DE MENDONCA,2019,2,,0.0,,,
ALICE LANARI SANTOS FREIRE,2022,2,,0.0,,,
ALISON ZAGO BRITO,2017,2,,0.0,,,
ALISSON RICARDO DA COSTA PEREIRA,2017,1,,0.0,,,
ALLAN DEBERTON NOGUEIRA LINHARES,2025,6,,0.0,,,
ALOIS BRUNO DI LEO GREMMELSPACHER,2024,4,,0.0,,,
ALVARO ANDRADE ALVES,2018,1,,0.0,,,
ALVARO CARLOS CRUZ ALVES,2019,1,,0.0,,,
ALVARO DIAZ GONZALEZ,2012,1,,0.0,,,
ALVARO JOSE ALVIM CARNEIRO DE CAMPOS,2025,8,,0.0,,,
ALYSSON SILVA MURITIBA,2025,19,,0.0,,,
AMADEU ALBAN GONZALEZ,2026,16,,0.0,,,
AMANDA CALIN NICOLETTI,2022,1,,0.0,,,
AMANDA DE CASTRO MELO SOUZA,2021,1,,0.0,,,
AMANDA FREITAS PONTES,2025,6,,0.0,,,
AMARILDO JOSE MARTINS,2020,5,,0.0,,,
AMILCAR MONTEIRO CLARO,2015,21,,0.0,,,
AMYLTON DE ALMEIDA,2008,1,,0.0,,,
ANA BEATRIZ BARBOSA FERREIRA,2016,1,,0.0,,,
ANA CAROLINA ABREU DE CAMPOS,2025,1,,0.0,,,
ANA CAROLINA BARBOSA CARPINTERO,2021,1,,0.0,,,
ANA CAROLINA BARBOSA RIBEIRO,2024,1,,0.0,,,
ANA CAROLINA PIZA ALVES DE SOUZA,2025,10,,0.0,,,
ANA CLAUDIA BARBOSA BARROS,2021,1,,0.0,,,
ANA CLAUDIA GUSSON,2023,1,,0.0,,,
ANA KEISERMAN DE ABREU,2026,3,,0.0,,,
ANA LUIZA MACHADO DA SILVA MUYLAERT,2025,15,,0.0,,,
ANA MARIA BARBOSA SARDINHA,2021,3,,0.0,,,
ANA MARIA PORTINHO MAGALHAES,2021,13,,0.0,,,
ANA PAULA BARBOSA CORREA,2006,1,,0.0,,,
ANA PAULA BARBOSA FERRAZ ASSIS,2025,2,,0.0,,,
ANA PAULA CHRISPINIANO,2025,9,,0.0,,,
ANA PAULA DE VASCONCELOS PADRAO,2017,5,,0.0,,,
ANA PAULA MACHADO DE OLIVEIRA,2022,1,,0.0,,,
ANA PAULA TRABULSI,2025,17,,0.0,,,
ANALUCIA DE GODOI,2024,6,,0.0,,,
ANDERSON SOARES CALDAS,2025,14,,0.0,,,
ANDRE ALBERTO PELLENZ,2024,14,,0.0,,,
ANDRE AMADO RODRIGUES,2016,1,,0.0,,,
ANDRE ARAUJO RODRIGUES,2018,2,,0.0,,,
ANDRE BARMAK SACRAMENTO,2025,26,,0.0,,,
ANDRE BASEGGIO,2025,16,,0.0,,,
ANDRE BICUDO PLIHAL,2018,1,,0.0,,,
ANDRE BONIN DE SOUZA,2021,1,,0.0,,,
ANDRE BRAGA BRANDAO,2020,2,,0.0,,,
ANDRE BUSHATSKY,2025,21,,0.0,,,
ANDRE CARNEIRO HORTA,2025,8,,0.0,,,
ANDRE CARVALHO FINOTTI,2019,1,,0.0,,,
ANDRE CATOTO DIAS,2024,4,,0.0,,,
ANDRE CAVALCANTE DIAS,2017,3,,0.0,,,
ANDRE CIBELLI ABUJAMRA,2024,8,,0.0,,,
ANDRE COSTA,2015,6,,0.0,,,
ANDRE DA COSTA PINTO,2019,2,,0.0,,,
ANDRE DE CARVALHO MACHADO,2009,2,,0.0,,,
ANDRE DE MELO GODOI,2022,6,,0.0,,,
ANDRE DE NOVAIS OLIVEIRA,2026,11,,0.0,,,
ANDRE DE PADUA DE OLIVEIRA E SILVA,2024,8,,0.0,,,
ANDRE DE SEIXAS SOBRAL,2022,4,,0.0,,,
ANDRE DUARTE RIBEIRO,2025,8,,0.0,,,
ANDRE FELIPPE DI MAURO,2026,9,,0.0,,,
ANDRE FERNANDO STURMER,2022,2,,0.0,,,
ANDRE GUERREIRO LOPES,2024,8,,0.0,,,
ANDRE GUSTAVO DE OLIVEIRA,2007,1,,0.0,,,
ANDRE GUSTAVO PINTO DA SILVA,2020,1,,0.0,,,
ANDRE HENRIQUE AMPARO,2019,7,,0.0,,,
ANDRE INACIO DE SOUZA,2023,1,,0.0,,,
ANDRE KAPEL FURMAN,2025,14,,0.0,,,
ANDRE LIMA MONFRINI,2018,1,,0.0,,,
ANDRE LUIS LOPES NEVES,2024,2,,0.0,,,
ANDRE LUIZ COSTA DE SOUZA,2022,2,,0.0,,,
ANDRE LUIZ DA COSTA LOUREIRO,2021,8,,0.0,,,
ANDRE LUIZ DA SILVEIRA OLIVEIRA,2024,17,,0.0,,,
ANDRE LUIZ DE SOUZA FARIA,2018,2,,0.0,,,
ANDRE LUIZ DE SOUZA SILVA,2014,1,,0.0,,,
ANDRE LUIZ LOPES DANTAS DE OLIVEIRA,2023,4,,0.0,,,
ANDRE LUIZ MACHADO SANTOS,2024,9,,0.0,,,
ANDRE LUIZ POMPEIA STURM,2026,4,,0.0,,,
ANDRE LUIZ RIBEIRO TARTUCE,2012,3,,0.0,,,
ANDRE LUIZ WARWAR,2017,3,,0.0,,,
ANDRE MARQUES MACHADO BRITO,2019,1,,0.0,,,
ANDRE MARTINS SOLER,2026,6,,0.0,,,
ANDRE MEIRELLES COLLAZZO,2024,7,,0.0,,,
ANDRE MOREIRA FORNI,2018,3,,0.0,,,
ANDRE MOURA LOPES,2025,3,,0.0,,,
ANDRE MUNHOZ MIKALAUSKAS,2023,3,,0.0,,,
ANDRE NASCIMENTO ARAUJO,2023,5,,0.0,,,
ANDRE PELLENZ,2014,18,,0.0,,,
ANDRE PIRES BOMFIM,2025,8,,0.0,,,
ANDRE PUENTE MENASCHE,2014,1,,0.0,,,
ANDRE RIBEIRO HORA,2020,5,,0.0,,,
ANDRE ROBERTO DE SOUZA,2017,4,,0.0,,,
ANDRE RODRIGUES,2024,1,,0.0,,,
ANDRE ROSSI RIBEIRO,2024,1,,0.0,,,
ANDRE SALLES OLIVEIRA AZEVEDO,2025,5,,0.0,,,
ANDRE TARIK JIRGES DIEB JEMMA RISTUM,2025,11,,0.0,,,
ANDRE TORRES MORAES,2023,7,,0.0,,,
ANDRE WAINER DE OLIVEIRA,2010,16,,0.0,,,
ANDRE WELLER,2014,12,,0.0,,,
ANDREA CASSOLA,2026,22,,0.0,,,
ANDREA LEVY BARRETO,2018,2,,0.0,,,
ANDREA MARIA SOBREIRA DE SANTANA,2019,1,,0.0,,,
ANDREA MIDORI SIMAO,2022,4,,0.0,,,
ANDREA PILAR MARRANQUIEL,2021,6,,0.0,,,
ANDREI MIRALHA PADILHA DUARTE,2025,8,,0.0,,,
ANDREIA BOATCHUCK,2021,8,,0.0,,,
ANDRES MAURICIO LIEBAN,2023,22,,0.0,,,
ANDRÃ LUIS DA SILVA MAROUÃO,2014,2,,0.0,,,
ANELISE RIESINGER DE SIDERMAN,2021,3,,0.0,,,
ANGELA PATRICIA REINIGER DE ASSIS FARIA,2022,4,,0.0,,,
ANGELISA STEIN,2023,2,,0.0,,,
ANGELO AUGUSTO RAVAZI,2023,3,,0.0,,,
ANGELO FERREIRA NUNES NETO,2025,5,,0.0,,,
ANIBAL MASSAINI NETO,2022,8,,0.0,,,
ANNA CLARA PELTIER DE QUEIROZ,2015,3,,0.0,,,
ANNA PAULA BARRETTO DA COSTA E SILVA,2018,10,,0.0,,,
ANNICK DE VRIES,2019,2,,0.0,,,
ANTONIA HERRERA OESTERHELD,2019,1,,0.0,,,
ANTONIMAR DE OLIVEIRA DOMINGUES,2017,1,,0.0,,,
ANTONIO CLEBIO VIRIATO RIBEIRO,2022,3,,0.0,,,
ANTONIO F. CORBETT ANDRADE PRADO,2005,1,,0.0,,,
ANTONIO FERNANDO CORBETT ANDRADE PRADO,2010,7,,0.0,,,
ANTONIO FLAVIO TABOSA PINHEIRO DE QUEIROZ LIMA LUCIO,2025,5,,0.0,,,
ANTONIO FRANCISCO ACHE DE ANDRADE,2022,33,,0.0,,,
ANTONIO GITAHY HAMBURGER,2023,6,,0.0,,,
ANTONIO MIGUEL GONÃALVES MENDES,2013,2,Oscar,0.0,,,
ANTONIO PEDRO VANZOLINI,2024,3,,0.0,,,
ANTONIO PEDRO VASCONCELOS,2008,1,,0.0,,,
ANTONIO ROSEMBERG DE MOURA,2023,17,,0.0,,,
ANTÃNIO DA ROCHA CUNHA FERREIRA,2023,3,,0.0,,,
ANTÃNIO MIGUEL GONÃALVES MENDES,2020,1,,0.0,,,
APOENA ALVES,2017,9,,0.0,,,
AQUILES LOPES DE OLIVEIRA,2026,7,,0.0,,,
ARAUCO HERNÃNDEZ HOLZ,2014,1,,0.0,,,
ARI NICOLOSI MOTA,2016,7,,0.0,,,
ARIANE PORTO COSTA RIMOLI,2024,15,,0.0,,,
ARIEL LUIZ SOUZA FERREIRA,2023,3,,0.0,,,
ARIELA DORF,2018,3,,0.0,,,
ARMANDO LUIZ ANTENORE,2022,1,,0.0,,,
ARMANDO PINTO PRACA NETO,2021,8,,0.0,,,
ARNALDO CLEMENTINO DE MORAIS GALVAO NETO,2022,15,,0.0,,,
ARTHUR RIBEIRO FRAZAO,2017,1,,0.0,,,
ARTHUR VERISSIMO WARREN,2023,3,,0.0,,,
ATILA FRAGOZO DA SILVA,2017,1,,0.0,,,
AUGUSTINHO PASKO,2026,21,,0.0,,,
AUGUSTO BARRA DO AMARAL,2025,48,,0.0,,,
AUGUSTO RAMOS BOZZETTI,2018,6,,0.0,,,
BARBARA ARRUDA CARNEIRO DA CUNHA,2024,11,,0.0,,,
BARBARA BARCIA WUENSCHE DE SOUZA,2023,5,,0.0,,,
BARBARA DE FREITAS KAHANE,2020,3,,0.0,,,
BARBARA MAIA DE MOURA,2020,5,,0.0,,,
BARBARA RAQUEL PAZ,2024,5,Oscar,0.0,,,
BARBARA SALGADO FERST HECKLER,2022,1,,0.0,,,
BARUCH BLUMBERG CARVALHO DE MATOS,2023,5,,0.0,,,
BEATRIZ FERREIRA LESSA,2024,6,,0.0,,,
BEATRIZ HELENA MONTEIRO DA SILVA THIELMANN,2005,1,,0.0,,,
BEATRIZ MOTTA ZUGLIANI,2024,3,,0.0,,,
BEATRIZ ROSENBERG,2023,6,,0.0,,,
BEATRIZ SEIGNEMARTIN DE PAULA LEITE,2020,4,,0.0,,,
BERNARDO DE MAGALHAES COUTINHO DUTRA,2017,1,,0.0,,,
BERNARDO DE MELLO BARRETO CARVALHO,2020,3,,0.0,,,
BERNARDO DE PAIVA BOSCOLI,2025,20,,0.0,,,
BERNARDO LEITE BARCELLOS,2018,1,,0.0,,,
BERNARDO MELO BARRETO,2014,5,,0.0,,,
BERNARDO PINHEIRO MOTA,2022,2,,0.0,,,
BETANIA VARGAS FURTADO,2024,7,,0.0,,,
BIANCA DE SOUZA MENDES COMPARATO,2019,1,,0.0,,,
BIANCA KAROL MORAES LENTI,2025,21,,0.0,,,
BIANCA SENNA LALLI NERY,2025,3,,0.0,,,
BRENDA MELO MORAES,2023,1,,0.0,,,
BRENNO REIS DIAS DE CASTRO,2014,4,,0.0,,,
BRENO AXEL FERREIRA GONÃALVES,2025,1,,0.0,,,
BRENO DINES COSTA,2023,1,,0.0,,,
BRENO LUIS MARCAL DA SILVEIRA,2020,19,,0.0,,,
BRENO MUNIZ MOREIRA,2025,6,,0.0,,,
BRENO SOARES FERREIRA,2025,10,,0.0,,,
BRUNA CARVALHO ALMEIDA,2023,4,,0.0,,,
BRUNA GHIZONI VIEIRA BIASOTTO,2021,5,,0.0,,,
BRUNA MARIANO LEONARDI,2025,7,,0.0,,,
BRUNA STEUDEL,2023,3,,0.0,,,
BRUNNA LABOISSIERE FERREIRA,2023,3,,0.0,,,
BRUNNO REGIS DE ARAUJO,2017,5,,0.0,,,
BRUNO BIAR MURTINHO BRAGA,2026,59,,0.0,,,
BRUNO BRAGA RANGEL VILLELA,2024,4,,0.0,,,
BRUNO CARBONI GODECKE,2025,6,,0.0,,,
BRUNO DUARTE GONCALVES,2023,7,,0.0,,,
BRUNO LAET ZECCHIN DE SOUZA,2024,8,,0.0,,,
BRUNO LEONARDO VALENTIM VEIGA NETO,2017,4,,0.0,,,
BRUNO LEVINSON,2025,13,,0.0,,,
BRUNO NUNES GONCALVES,2018,4,,0.0,,,
BRUNO PEREIRA FREITAS,2026,13,,0.0,,,
BRUNO RODRIGUES MARCONDES MACHADO,2019,1,,0.0,,,
BRUNO TINOCO TORRES,2017,4,,0.0,,,
CAETANO COSTA DA SILVA CURI,2019,10,,0.0,,,
CAETANO ROCHA CARUSO,2024,10,,0.0,,,
CAIO DE CAMPOS BAU,2025,4,,0.0,,,
CAIO FABRICIO ORTIZ JUNIOR,2022,7,,0.0,,,
CAIO NOGUEIRA COBRA VARAJAO,2021,7,,0.0,,,
CAIO PENIDO DALLA VECCHIA,2023,12,,0.0,,,
CAIO PRATI JOBIM,2024,9,,0.0,,,
CAIO RUBENS NAZARIO DE ALMEIDA,2019,6,,0.0,,,
CAIO TEDESCHI DE ANDRADE,2022,7,,0.0,,,
CALIXTO JOSE DE ARAUJO HAKIM,2023,6,,0.0,,,
CAMILA CARROSSINE MONTEOLIVA CARVALHO,2023,5,,0.0,,,
CAMILA KZAN,2023,3,,0.0,,,
CAMILA PITANGA MANHAES SAMPAIO,2017,1,,0.0,,,
CAMILA RUMPF,2024,5,,0.0,,,
CAMILO FERNANDES DE LIMA CAVALCANTI,2022,2,,0.0,,,
CANDIDA LUZ DE SOUZA LIBERATO,2021,1,,0.0,,,
CAREM CRISTINI NOBRE DE ABREU,2023,3,,0.0,,,
CARLA BARRETO DE BARROS,2025,11,,0.0,,,
CARLA FONSECA LAUDARI,2023,6,,0.0,,,
CARLA FRANCINE PEDROSA FERREIRA,2023,2,,0.0,,,
CARLA MARIA ALBUQUERQUE DE SA,2025,123,,0.0,,,
CARLO DONATO VANZAN MILANI,2026,20,,0.0,,,
CARLOS ALBERTO CIOCLER,2023,5,,0.0,,,
CARLOS ALBERTO DIEHL MACEDO,2014,2,,0.0,,,
CARLOS AMERICO ERRERIA CORTEZ,2016,5,,0.0,,,
CARLOS ANDRE CONSTANTIN,2025,25,,0.0,,,
CARLOS ANDRE STUDZINSKI SANTOS,2018,4,,0.0,,,
CARLOS DEMETRIO LAVAREDA GARCIA,2016,2,,0.0,,,
CARLOS EDUARDO CEZAR DE ANDRADE JUNIOR,2022,10,,0.0,,,
CARLOS EDUARDO MAGALHAES,2024,11,,0.0,,,
CARLOS EDUARDO MAGALHAES VIEIRA DE AGUIAR,2014,1,,0.0,,,
CARLOS EDUARDO MARCONDES,2005,1,,0.0,,,
CARLOS EDUARDO MARCONDES DE MACEDO ROCHA,2022,19,,0.0,,,
CARLOS EDUARDO MARCONDES DE MARCEDO ROCHA,2005,1,,0.0,,,
CARLOS EDUARDO MILANO BERNAL,2018,9,,0.0,,,
CARLOS HENRIQUE IOTTI,2019,1,,0.0,,,
CARLOS IMPERIO HAMBURGER,2018,13,,0.0,,,
CARLOS JOSE WILDO DEL PINO RODRIGUEZ,2022,3,,0.0,,,
CARLOS JULIANO MARCONDES E FERREIRA DE TOLEDO BARROS,2019,6,,0.0,,,
CARLOS MENEZES BALIU MONTEIRO,2018,1,,0.0,,,
CARLOS ROBERTO FRANKE,2019,1,,0.0,,,
CARLOS RODRIGO DIEHL,2024,2,,0.0,,,
CAROLINA COSTA SILVESTRIN,2022,2,,0.0,,,
CAROLINA CRISPIM BASTOS,2024,2,,0.0,,,
CAROLINA DE VASCONCELLOS MASSIERE,2023,1,,0.0,,,
CAROLINA DELAVY CHAGAS,2023,1,,0.0,,,
CAROLINA DO AMARAL GURGEL VIANNA,2014,1,,0.0,,,
CAROLINA FABIANA ARGAMIM GOUVEA,2023,1,,0.0,,,
CAROLINA FALCAO NOGUEIRA BRITTO,2024,2,,0.0,,,
CAROLINA MARKOWICZ BASTOS,2023,7,,0.0,,,
CAROLINA PAIVA VASCONCELLOS,2026,18,,0.0,,,
CAROLINA PEREIRA DE MENEZES,2023,9,,0.0,,,
CAROLINA ROXO NOBRE BARREIRA,2021,2,,0.0,,,
CAROLINA SA VASCONCELLOS,2024,10,,0.0,,,
CAROLINE ROCHA MENDONCA,2024,3,,0.0,,,
CASSANDRA PEREIRA DE OLIVEIRA,2021,5,,0.0,,,
CASSIA DIAN XAVIER,2025,10,,0.0,,,
CASSIO FERNANDES DE OLIVEIRA,2017,1,,0.0,,,
CAUE ANGELI RAMOS,2025,11,,0.0,,,
CAUE AUGUSTO MAIA BAPTISTA,2017,1,,0.0,,,
CAUE OLIVEIRA BRANDAO,2021,3,,0.0,,,
CECILIA AMADO COSTA,2025,13,,0.0,,,
CECILIA BRANDAO CORREA DE ARAUJO,2024,10,,0.0,,,
CEDRIC FANTI DE CARVALHO,2022,3,,0.0,,,
CELIA APARECIDA DE AZEVEDO,2017,1,,0.0,,,
CELIA CATUNDA SERRA,2025,48,,0.0,,,
CELIO FERREIRA DUTRA JUNIOR,2024,6,,0.0,,,
CELSO VENANCIO TEIXEIRA MACHADO,2021,4,,0.0,,,
CESAR AUGUSTO MENEGHETTI,2021,5,,0.0,,,
CESAR CAVELAGNA,2025,10,,0.0,,,
CESARIO DE MELLO FRANCO,2012,2,,0.0,,,
CEZAR AUGUSTO MONTEIRO MAIA,2024,9,,0.0,,,
CHEIKH T. SY,2023,1,,0.0,,,
CHIARINA MARIA BELOTO DO NASCIMENTO,2024,6,,0.0,,,
CHRISTIANA BUARQUE DE ALCAZAR,2025,3,,0.0,,,
CHRISTIANE MARIA SANTOS TORLONI,2018,1,,0.0,,,
CHRISTIANNE JATAHY DE ALMEIDA CARNEIRO,2011,1,,0.0,,,
CHRISTIANO APARECIDO TEIXEIRA,2025,8,,0.0,,,
CHRISTIANO RIBEIRO PEREIRA,2019,11,,0.0,,,
CIBELE AMARAL CORREIA,2026,9,,0.0,,,
CICERO ARAUJO ARAGON DOS SANTOS,2009,2,,0.0,,,
CINTIA DOMIT BITTAR,2026,11,,0.0,,,
CLARA CAVOUR PONTE,2021,16,,0.0,,,
CLARA DEAK LEONE,2023,4,,0.0,,,
CLARICE SALIBY DE SIMONI,2025,3,,0.0,,,
CLARISSA MOEBUS DE ALENCAR RAMALHO,2024,2,,0.0,,,
CLAUDIA CALABI,2024,3,,0.0,,,
CLAUDIA DA SILVEIRA ALVES,2020,12,,0.0,,,
CLAUDIA JOUVIN DE PAIVA,2021,3,,0.0,,,
CLAUDIA MARIA THIEBAUT FURIATI,2014,1,,0.0,,,
CLAUDIA PATRICIA CHAVEZ FUMAGALLI PINHEIRO,2025,4,,0.0,,,
CLAUDIA PRISCILLA ANDRADE GOIFMAN,2024,22,,0.0,,,
CLAUDIA REGINA DE ARAUJO ALVES,2022,4,,0.0,,,
CLAUDIO AFFONSO BECHTINGER MAC DOWELL,2008,5,,0.0,,,
CLAUDIO BITENCOURT AVILA,2024,32,,0.0,,,
CLAUDIO DE ARAUJO FERREIRA,2016,1,,0.0,,,
CLAUDIO DE ASSIS FERREIRA,2024,16,,0.0,,,
CLAUDIO DOMINGOS KAXINAWA,2023,2,,0.0,,,
CLAUDIO FAGUNDES,2025,19,,0.0,,,
CLAUDIO GONTIJO GUIMARAES,2025,13,,0.0,,,
CLAUDIO LOBATO SOARES SANTOS,2016,1,,0.0,,,
CLAUDIO MANOEL MASCARENHAS PIMENTEL DOS SANTOS,2020,4,,0.0,,,
CLAUDIO RENATO FERREIRA DA SILVA,2025,1,,0.0,,,
CLAUDIO ROBERTO ODRI,2017,1,,0.0,,,
CLAUDIO RODRIGUES BOECKEL,2023,13,,0.0,,,
CLEBER ALVES DA SILVA,2016,1,,0.0,,,
CLEBER BEZERRA SILVA SANTOS,2016,7,,0.0,,,
CLEISSON VIDAL LINHARES,2024,12,,0.0,,,
CLIVE GAVIN ANDREWS,2022,3,,0.0,,,
CLOVIS RHODEN,2025,9,,0.0,,,
CLOVIS VIEIRA DE MELLO JUNIOR,2019,3,,0.0,,,
COSME EDUARDO CRUZ DE OLIVEIRA,2024,6,,0.0,,,
CREUZA MARIA SALVIANO GRAVINA,2007,1,,0.0,,,
CRISTHYANE RIBEIRO MARTINS DA SILVA,2025,2,,0.0,,,
CRISTIAN HECTOR MAXIMILIANO URIBE LOPEZ,2018,1,,0.0,,,
CRISTIANA BERTAZZI LEVY,2023,2,,0.0,,,
CRISTIANA GRUMBACH BRONZ,2011,6,,0.0,,,
CRISTIANE D AMATO,2025,16,,0.0,,,
CRISTIANO FLORINDO COSTATO,2016,4,,0.0,,,
CRISTIANO FRANCO BURMESTER,2024,3,,0.0,,,
CRISTIANO SILVEIRA CHAUI,2017,2,,0.0,,,
CRISTIANO TORRES AZZI,2025,18,,0.0,,,
DACIA IBIAPINA DA SILVA,2025,4,,0.0,,,
DAGOBERTO LUDWIG SCHELIN,2018,1,,0.0,,,
DAINARA TOFFOLI SOARES,2023,14,,0.0,,,
DANIEL ALVES DA SILVA,2015,2,,0.0,,,
DANIEL ARAGAO CAVALCANTI,2025,6,,0.0,,,
DANIEL BANDEIRA ESPIRITO SANTO,2019,2,,0.0,,,
DANIEL BAROSA,2024,43,,0.0,,,
DANIEL BRANDI DO COUTO,2022,9,,0.0,,,
DANIEL CALIL CANCADO,2025,8,,0.0,,,
DANIEL CAMPANHA LISBOA,2024,10,,0.0,,,
DANIEL CAREZZATO DE ALMEIDA,2024,1,,0.0,,,
DANIEL CARVALHO DA SILVA,2023,1,,0.0,,,
DANIEL DA COSTA CASELLI,2016,4,,0.0,,,
DANIEL DAVID ROLAND PINTO,2017,1,,0.0,,,
DANIEL DE CARVALHO ALFAYA,2019,4,,0.0,,,
DANIEL DE CASTRO GONCALVES,2025,6,,0.0,,,
DANIEL DIAS GOI,2017,6,,0.0,,,
DANIEL FERNANDES BACCARO,2024,6,,0.0,,,
DANIEL FERRO DA SILVA,2025,81,,0.0,,,
DANIEL FROES SOUTO MAIOR,2023,1,,0.0,,,
DANIEL GONCALVES DA SILVA,2010,1,,0.0,,,
DANIEL KLAJMIC,2023,3,,0.0,,,
DANIEL LAGO ARAUJO,2021,1,,0.0,,,
DANIEL LAIMER DE ALMEIDA,2020,1,,0.0,,,
DANIEL LEITE ALMEIDA,2022,13,,0.0,,,
DANIEL LEITE DA SILVA,2017,3,,0.0,,,
DANIEL MENDES DE ARAUJO DANTAS,2024,1,,0.0,,,
DANIEL MESSIAS DE ARAUJO MELLO,2009,1,,0.0,,,
DANIEL MOREIRA DA SILVA,2024,2,,0.0,,,
DANIEL MORENO SANTANNA,2021,3,,0.0,,,
DANIEL ORLANDI MATTOS EDMUNDSON,2020,3,,0.0,,,
DANIEL PINHEIRO SILVA,2024,4,,0.0,,,
DANIEL POLETO GONCALVES,2025,1,,0.0,,,
DANIEL PRADO DA SILVA MELLO,2023,1,,0.0,,,
DANIEL REGADERA VERGES,2024,3,,0.0,,,
DANIEL RODRIGUES DA SILVA RIBEIRO,2025,16,,0.0,,,
DANIEL RODRIGUES SILVA,2014,3,,0.0,,,
DANIEL SALAROLI,2009,1,,0.0,,,
DANIEL SOARES DE ARAUJO NETTO,2017,2,,0.0,,,
DANIEL SOARES SALAROLI,2024,2,,0.0,,,
DANIEL TUCHE DE ALMEIDA,2013,2,,0.0,,,
DANIEL VIDAL MATTOS,2012,2,,0.0,,,
DANIEL ZARVOS GUINLE,2023,4,,0.0,,,
DANIELA DE FREITAS PEDROSA,2022,1,,0.0,,,
DANIELA FERNANDES JOSE ARBEX SOARES,2016,1,,0.0,,,
DANIELA PICARELLI DO AMARAL GURGEL,2023,12,,0.0,,,
DANIELE PRANDINI RICIERI,2023,1,,0.0,,,
DANILO ARAUJO MANTOVANI,2017,1,,0.0,,,
DANILO DAHER ALVARENGA,2019,2,,0.0,,,
DANILO GALINDO FERREIRA,2021,1,,0.0,,,
DANILO PONTES FERREIRA DE CARVALHO,2021,1,,0.0,,,
DANILO RIBEIRO DO VALLE,2018,1,,0.0,,,
DANILO SILVA FERREIRA BARREIRO,2020,1,,0.0,,,
DANILO STAEL CONCEICAO DOS SANTOS,2024,6,,0.0,,,
DANILO VICTOR FERREIRA DE OLIVEIRA,2020,1,,0.0,,,
DANNIEL FERNANDES BEZERRA DE MENEZES,2024,2,,0.0,,,
DARCY BURGER JUNIOR,2025,82,,0.0,,,
DARCY BURGUER JUNIOR,2006,1,,0.0,,,
DARIO RODRIGUES DE MENEZES JUNIOR,2026,3,,0.0,,,
DAVI DE OLIVEIRA PINHEIRO,2020,5,,0.0,,,
DAVID FELDON,2025,6,,0.0,,,
DAVID LAGO OBADIA,2023,8,,0.0,,,
DAVID LEANDRO VAZ,2019,2,,0.0,,,
DAVID REYNALDO KULLOCK,2021,3,,0.0,,,
DAYANE RODRIGUES BARBOSA,2025,7,,0.0,,,
DAYANE SENA DE SANTANA,2025,4,,0.0,,,
DAYSE PORTO DE SANTANA,2025,4,,0.0,,,
DEAN WALLACE LAW,2023,1,,0.0,,,
DEBORA MACOLA MAC DOWELL DE OLIVEIRA,2023,4,,0.0,,,
DEBORA MAMBER CZERESNIA,2022,1,,0.0,,,
DEBORAH BRENNAND DE SOUZA MENDES,2019,6,,0.0,,,
DECIO AUGUSTO LOPES DA SILVA,2025,19,,0.0,,,
DECIO PEREIRA DE MATOS JUNIOR,2015,5,,0.0,,,
DELVAIR MONTAGNER,2023,4,,0.0,,,
DENIA DE FATIMA CRUZ SCKAFF,2025,5,,0.0,,,
DENIS NIELSEN PATANE,2018,3,,0.0,,,
DENIS WRIGHT,2008,1,,0.0,,,
DENISLLAN TARCISIO FERREIRA DOS SANTOS,2025,2,,0.0,,,
DENISON ROBERTO RAMALHO,2018,4,,0.0,,,
DERMEVAL COUTINHO NETTO,2013,4,,0.0,,,
DERMEVAL NETTO,2008,1,,0.0,,,
DIEGO ALEXANDRE DA SILVA,2025,3,,0.0,,,
DIEGO ANDRADE RIVAS GUTIERREZ,2025,5,,0.0,,,
DIEGO APOLINARIO DA SILVA,2024,1,,0.0,,,
DIEGO BARATA ZANOTTI ONGARO,2024,5,,0.0,,,
DIEGO DA CONCEICAO SILVA,2019,3,,0.0,,,
DIEGO DADALT,2019,5,,0.0,,,
DIEGO DE GODOY,2005,1,,0.0,,,
DIEGO DE JESUS,2024,7,,0.0,,,
DIEGO DE LA TEXERA,2006,1,,0.0,,,
DIEGO DE MELLO REGO LOPES,2024,35,,0.0,,,
DIEGO DE MORAIS E SILVA,2025,5,,0.0,,,
DIEGO DI NIGLIO,2018,1,,0.0,,,
DIEGO FELIPE GUZMÃN RAMÃREZ,2023,1,,0.0,,,
DIEGO FERNÃNDEZ PUJOL,2021,1,,0.0,,,
DIEGO HENRIQUE DA SILVA,2017,3,,0.0,,,
DIEGO HOEFEL DE VASCONCELLOS,2022,3,,0.0,,,
DIEGO HURTADO DE MENDOZA,2021,2,,0.0,,,
DIEGO JOSE DA SILVA,2023,1,,0.0,,,
DIEGO LACERDA DA SILVA,2024,1,,0.0,,,
DIEGO LARA MACEIRAS,2020,18,,0.0,,,
DIEGO MARTINEZ VIGNATTI,2016,1,,0.0,,,
DIEGO MOURA BARRIOS,2020,2,,0.0,,,
DIEGO MUSARRA DOIMO,2023,4,,0.0,,,
DIEGO OTNIEL FLORENTINO,2024,11,,0.0,,,
DIEGO RODRIGUES DA SILVA,2025,5,,0.0,,,
DIEGO ROMERO DE GODOY,2021,13,,0.0,,,
DIEGO SCARPARO BARBIERI,2023,3,,0.0,,,
DIEGO VIANA DA SILVA,2024,1,,0.0,,,
DIEGO VIEIRA DA SILVA,2021,4,,0.0,,,
DIEGO YAMAGUTI DA SILVA,2020,1,,0.0,,,
DILEA FRATE,2018,4,,0.0,,,
DILLNER GUSTAVO GOMES DA SILVA,2018,1,,0.0,,,
DIOGENES ADOLPHO PEREZ MUNIZ,2022,3,,0.0,,,
DIOGO DE FREITAS CAVOUR,2022,2,,0.0,,,
DIOGO LOUZADA DE MATOS,2023,4,,0.0,,,
DIOGO OLIVEIRA CAMPOS NETO,2024,4,,0.0,,,
DIOGO PEREIRA VIEGAS,2024,4,,0.0,,,
DIOSMAR MARCELINO DE SANTANA FILHO,2021,1,,0.0,,,
DJACIRA MAIA DE OLIVEIRA,2018,1,,0.0,,,
DOMINGOS JOSE SOARES DE OLIVEIRA,2023,24,,0.0,,,
DONALD KENT,2019,1,,0.0,,,
DOUGLAS DUARTE MENHINICK,2025,5,,0.0,,,
DOURIVAL GERALDO DE MOURA NETO,2022,6,,0.0,,,
DYEGO BARBOSA FIGUEIREDO SILVA,2019,1,,0.0,,,
EDGAR DE LUQUE JÃCOME,2023,1,,0.0,,,
EDGAR PÃRA,2019,1,,0.0,,,
EDGARD CAMINHA DE MIRANDA SILVA,2023,12,,0.0,,,
EDISON TADAO MIAQUI,2018,6,,0.0,,,
EDNA MARCIA DA SILVA MONTEIRO,2020,1,,0.0,,,
EDNILSON MORETTI,2011,2,,0.0,,,
EDSON ROBERTO DO NASCIMENTO,2021,2,,0.0,,,
EDSON SOARES DO NASCIMENTO,2025,9,,0.0,,,
EDSON SPINELLO,2025,11,,0.0,,,
EDUARDO ADES MORAES,2023,7,,0.0,,,
EDUARDO ARANTES BARCELLOS CORREA,2024,10,,0.0,,,
EDUARDO BAPTISTA DE AMORIM,2019,1,,0.0,,,
EDUARDO CONSONI,2022,9,,0.0,,,
EDUARDO DIOGO SALLOUTI,2019,5,,0.0,,,
EDUARDO ESCOREL DE MORAES,2024,24,,0.0,,,
EDUARDO FELISTOQUE,2025,24,,0.0,,,
EDUARDO HENRIQUE LEON CHAUVET,2024,7,,0.0,,,
EDUARDO HENRIQUE MOROTO DE OLIVEIRA,2020,6,,0.0,,,
EDUARDO JUNG VIANNA,2019,2,,0.0,,,
EDUARDO KISHIMOTO,2020,8,,0.0,,,
EDUARDO LEVY SOBREIRA,2014,13,,0.0,,,
EDUARDO RAMOS QUIRINO,2016,9,,0.0,,,
EDUARDO RIBEIRO BASSI,2023,18,,0.0,,,
EDUARDO VARANDAS ARARUNA,2020,1,,0.0,,,
EDUARDO VEGA CABEDA,2018,1,,0.0,,,
EDUARDO WANNMACHER,2020,13,,0.0,,,
EDUARDO ZUNZARREN MEGALE,2017,13,,0.0,,,
EDVER HAZIM SILVA,2024,2,,0.0,,,
EKATERINA MYKAELA MOTA PLOTKIN,2024,5,,0.0,,,
ELEN LINTH MARQUES DANTAS,2019,12,,0.0,,,
ELIANE PORTABALES GUIMARAES,2016,1,,0.0,,,
ELIAS DE SOUZA GUERRA FERREIRA DE CASTRO,2024,1,,0.0,,,
ELIR HENRIQUES DE MENDONCA FILHO,2025,23,,0.0,,,
ELISA ELIASH,2023,1,,0.0,,,
ELISA PESSOA XAVIER,2023,1,,0.0,,,
ELIZA RIBEIRO CAPAI,2024,9,Berlim,0.0,,,
ELIZABETE MARTINS CAMPOS,2025,5,,0.0,,,
ELIZABETH MENDES BENTANCOUR SENA,2021,8,,0.0,,,
ELIZABETH VERSIANI FORMAGGINI,2023,6,,0.0,,,
ELOI PIRES FERREIRA,2019,6,,0.0,,,
ELZA MARIA DA SILVA CATALDO,2025,13,,0.0,,,
ELZA SOARES DA SILVA,2025,1,,0.0,,,
EMERSON DE ALMEIDA,2019,4,,0.0,,,
EMERSON DE OLIVEIRA CARDOSO,2023,2,,0.0,,,
EMERSON GONTIJO PENHA,2023,4,,0.0,,,
EMERSON SANTOS DE ALMEIDA,2025,3,,0.0,,,
EMILIA ROSA DE ALMEIDA SILVEIRA,2024,12,,0.0,,,
EMILIANO RIBEIRO DE ALMEIDA NETO,2013,4,,0.0,,,
EMILIO GALLO,2010,5,,0.0,,,
EMILIO HUCS GALLO,2025,22,,0.0,,,
EMILIO MAILLE ITURBE,2019,1,,0.0,,,
EMILIO MAILLÃ ITURBE,2019,1,,0.0,,,
EMILIO ROBERTO DE SOUZA DOMINGOS,2025,14,,0.0,,,
EMMANUELLE DE RIEDMATTEN,2006,1,,0.0,,,
ENNIO TORRESAN JUNIOR,2023,2,,0.0,,,
ENRIQUE FERNÃNDEZ,2008,1,,0.0,,,
EPAMINONDAS XAVIER GRACINDO,2008,1,,0.0,,,
ERIC LAURENCE DE ARAUJO LOIOLA,2021,8,,0.0,,,
ERIC MARDOCHE BELHASSEN,2025,7,,0.0,,,
ERICA MARIA ROCHA SANTOS,2022,3,,0.0,,,
ERICO CAMPOS RASSI,2024,11,,0.0,,,
ERIKA BAUER DE OLIVEIRA,2012,5,,0.0,,,
ERIKA BRANDAO MONTEIRO DA COSTA,2013,1,,0.0,,,
ERNANI PIO DA COSTA NUNES JUNIOR,2025,10,,0.0,,,
ERNEST GODIN,2019,2,,0.0,,,
ERYK ARUAC GAITAN ROCHA,2025,23,,0.0,,,
ESPÃLIO DE PAULO THIAGO FERREIRA PAES DE OLIVEIRA,2019,18,,0.0,,,
ESTEVAO CIAVATTA PANTOJA FRANCO,2023,42,,0.0,,,
ESTEVAO OLIMPIO SILVEIRA DE QUEIROGA,2025,7,,0.0,,,
EUCLYDES MARINHO DE OLIVEIRA,2007,1,,0.0,,,
EVA PEREIRA DA SILVA,2024,3,,0.0,,,
EVERSON JOSE FAGANELLO,2025,11,,0.0,,,
EWERTON BELICO DE SOUSA,2019,1,,0.0,,,
FABIAN CANTIERI DE FREITAS,2022,1,,0.0,,,
FABIANA WERNECK BARCINSKI,2024,2,,0.0,,,
FABIO AUGUSTO DAHER VIANNA,2024,4,,0.0,,,
FABIO AUGUSTO MATHEUS DE MENDONCA,2019,9,,0.0,,,
FABIO AUGUSTO MEIRA DE SOUSA,2025,10,,0.0,,,
FABIO BORGES PEREIRA,2015,3,,0.0,,,
FABIO CIABATTARI DI FIORE,2025,6,,0.0,,,
FABIO DE BARROS LEAL,2022,4,,0.0,,,
FABIO ETIENNE MARCIANO BURTIN,2020,1,,0.0,,,
FABIO FERREIRA GAVIAO,2021,9,,0.0,,,
FABIO GALLO PEREIRA DOS SANTOS,2022,2,,0.0,,,
FABIO HENRIQUE DELAI,2024,4,,0.0,,,
FABIO LUIZ LEME DE FARIA,2023,3,,0.0,,,
FABIO MONTEIRO PEREIRA,2024,1,,0.0,,,
FABIO PINCZOWSKI,2018,1,,0.0,,,
FABIO RAMOS NASCIMENTO,2023,2,,0.0,,,
FABIO RODRIGUES BRASIL,2025,7,,0.0,,,
FABIO RODRIGUES CANALE,2023,2,,0.0,,,
FABIO ROGERIO REZENDE DE JESUS,2025,16,,0.0,,,
FABIO SILVA NASCIMENTO,2020,1,,0.0,,,
FABIO TEOFILO DO NASCIMENTO,2015,5,,0.0,,,
FABIOLA AQUINO COELHO,2023,6,,0.0,,,
FABRICIO DE TOLEDO GALLINUCCI,2025,6,,0.0,,,
FABRICIO PEDRO SANTOS,2016,1,,0.0,,,
FABRIZIO MAMBRO,2021,1,,0.0,,,
FAUSTO REIS NOCETTI,2016,4,,0.0,,,
FAUSTO RENIER NORO,2025,11,,0.0,,,
FELIPE ANDRE DA SILVA,2023,2,,0.0,,,
FELIPE CAMARGO ADAMI,2022,6,,0.0,,,
FELIPE CANEDO FIGUEIREDO,2023,3,,0.0,,,
FELIPE CARLONI BENTIVEGNA,2020,3,,0.0,,,
FELIPE CORREA GIAJ LEVRA,2025,2,,0.0,,,
FELIPE DE PAULA SILVA,2021,1,,0.0,,,
FELIPE IESBICK,2026,5,,0.0,,,
FELIPE LOUZADA SILVA MEIRA,2024,2,,0.0,,,
FELIPE NEGREIROS DE BRETAS FREITAS,2026,26,,0.0,,,
FELIPE NOVAES ELIAS,2021,2,,0.0,,,
FELIPE PRADO GONCALVES CAGNO,2021,1,,0.0,,,
FELIPE RAMON DA SILVA,2023,1,,0.0,,,
FELIPE RODRIGUES DA SILVA,2013,1,,0.0,,,
FELIPE TADEU GONDIM,2022,4,,0.0,,,
FELIPE THIAGO VIANNA NEPOMUCENO,2025,45,,0.0,,,
FELIPE VIANNA DA SILVA,2016,2,,0.0,,,
FELLIPE LUIS DE MELO FERNANDES,2023,4,,0.0,,,
FERNANDA ALVES FRAZAO,2024,3,,0.0,,,
FERNANDA BERBERT FONTES,2024,3,,0.0,,,
FERNANDA MARIA FRAZAO MASCARENHAS GOMES,2023,1,,0.0,,,
FERNANDA MENDES FRAZAO,2022,1,,0.0,,,
